Log file open, 12/26/24 15:00:45
LogWindows: Failed to load 'aqProf.dll' (GetLastError=126)
LogWindows: File 'aqProf.dll' does not exist
LogWindows: Failed to load 'VtuneApi.dll' (GetLastError=126)
LogWindows: File 'VtuneApi.dll' does not exist
LogWindows: Failed to load 'VtuneApi32e.dll' (GetLastError=126)
LogWindows: File 'VtuneApi32e.dll' does not exist
LogConsoleResponse: Display: Failed to find resolution value strings in scalability ini. Falling back to default.
LogConsoleResponse: Display: Failed to find resolution value strings in scalability ini. Falling back to default.
LogInit: Display: Running engine for game: Unreal_R4D2_Copy
LogPlatformFile: Not using cached read wrapper
LogTaskGraph: Started task graph with 5 named threads and 47 total threads with 3 sets of task threads.
LogStats: Stats thread started at 0.198226
LogICUInternationalization: ICU TimeZone Detection - Raw Offset: +9:00, Platform Override: ''
LogInit: Display: Loading text-based GConfig....
LogPluginManager: Mounting plugin MeshPainting
LogPluginManager: Mounting plugin XGEController
LogPluginManager: Mounting plugin EnvironmentQueryEditor
LogPluginManager: Mounting plugin Paper2D
LogPluginManager: Mounting plugin AISupport
LogPluginManager: Mounting plugin LightPropagationVolume
LogPluginManager: Mounting plugin GameplayCameras
LogPluginManager: Mounting plugin LiveLink
LogPluginManager: Mounting plugin OodleData
LogPluginManager: Mounting plugin OodleNetwork
LogPluginManager: Mounting plugin CameraShakePreviewer
LogPluginManager: Mounting plugin DatasmithContent
LogPluginManager: Mounting plugin VariantManagerContent
LogPluginManager: Mounting plugin AnimationSharing
LogPluginManager: Mounting plugin CLionSourceCodeAccess
LogPluginManager: Mounting plugin NullSourceCodeAccess
LogPluginManager: Mounting plugin KDevelopSourceCodeAccess
LogPluginManager: Mounting plugin GitSourceControl
LogPluginManager: Mounting plugin PixWinPlugin
LogPluginManager: Mounting plugin PropertyAccessNode
LogPluginManager: Mounting plugin RiderSourceCodeAccess
LogPluginManager: Mounting plugin PlasticSourceControl
LogPluginManager: Mounting plugin UObjectPlugin
LogPluginManager: Mounting plugin CodeLiteSourceCodeAccess
LogPluginManager: Mounting plugin SubversionSourceControl
LogPluginManager: Mounting plugin CryptoKeys
LogPluginManager: Mounting plugin CurveEditorTools
LogPluginManager: Mounting plugin DataValidation
LogPluginManager: Mounting plugin GeometryMode
LogPluginManager: Mounting plugin FacialAnimation
LogPluginManager: Mounting plugin PerforceSourceControl
LogPluginManager: Mounting plugin GameplayTagsEditor
LogPluginManager: Mounting plugin MaterialAnalyzer
LogPluginManager: Mounting plugin MacGraphicsSwitching
LogPluginManager: Mounting plugin AlembicImporter
LogPluginManager: Mounting plugin MobileLauncherProfileWizard
LogPluginManager: Mounting plugin PluginBrowser
LogPluginManager: Mounting plugin PluginUtils
LogPluginManager: Mounting plugin AutomationUtils
LogPluginManager: Mounting plugin SpeedTreeImporter
LogPluginManager: Mounting plugin BackChannel
LogPluginManager: Mounting plugin ChaosClothEditor
LogPluginManager: Mounting plugin ChaosEditor
LogPluginManager: Mounting plugin AssetManagerEditor
LogPluginManager: Mounting plugin VisualStudioCodeSourceCodeAccess
LogPluginManager: Mounting plugin VisualStudioSourceCodeAccess
LogPluginManager: Mounting plugin ChaosSolverPlugin
LogPluginManager: Mounting plugin ChaosNiagara
LogPluginManager: Mounting plugin ChaosCloth
LogPluginManager: Mounting plugin TextureFormatOodle
LogPluginManager: Mounting plugin Niagara
LogPluginManager: Mounting plugin XCodeSourceCodeAccess
LogPluginManager: Mounting plugin CharacterAI
LogPluginManager: Mounting plugin GeometryCache
LogPluginManager: Mounting plugin GeometryCollectionPlugin
LogPluginManager: Mounting plugin LuminPlatformFeatures
LogPluginManager: Mounting plugin MagicLeap
LogPluginManager: Mounting plugin MagicLeapLightEstimation
LogPluginManager: Mounting plugin MagicLeapMedia
LogPluginManager: Mounting plugin MagicLeapPassableWorld
LogPluginManager: Mounting plugin MLSDK
LogPluginManager: Mounting plugin GeometryProcessing
LogPluginManager: Mounting plugin MotoSynth
LogPluginManager: Mounting plugin OpenImageDenoise
LogPluginManager: Mounting plugin PlanarCut
LogPluginManager: Mounting plugin PlatformCrypto
LogPluginManager: Mounting plugin ProxyLODPlugin
LogPluginManager: Mounting plugin PythonScriptPlugin
LogPluginManager: Mounting plugin SkeletalReduction
LogPluginManager: Mounting plugin TcpMessaging
LogPluginManager: Mounting plugin UdpMessaging
LogPluginManager: Mounting plugin ActorSequence
LogPluginManager: Mounting plugin LevelSequenceEditor
LogPluginManager: Mounting plugin MatineeToLevelSequence
LogPluginManager: Mounting plugin TemplateSequence
LogPluginManager: Mounting plugin AndroidMedia
LogPluginManager: Mounting plugin AvfMedia
LogPluginManager: Mounting plugin ImgMedia
LogPluginManager: Mounting plugin MediaCompositing
LogPluginManager: Mounting plugin OnlineSubsystem
LogPluginManager: Mounting plugin OnlineSubsystemNull
LogPluginManager: Mounting plugin OnlineSubsystemUtils
LogPluginManager: Mounting plugin MediaPlayerEditor
LogPluginManager: Mounting plugin WmfMedia
LogPluginManager: Mounting plugin WebMMedia
LogPluginManager: Mounting plugin LauncherChunkInstaller
LogPluginManager: Mounting plugin ActorLayerUtilities
LogPluginManager: Mounting plugin AndroidDeviceProfileSelector
LogPluginManager: Mounting plugin AndroidMoviePlayer
LogPluginManager: Mounting plugin AndroidPermission
LogPluginManager: Mounting plugin AppleImageUtils
LogPluginManager: Mounting plugin AppleMoviePlayer
LogPluginManager: Mounting plugin AudioCapture
LogPluginManager: Mounting plugin ArchVisCharacter
LogPluginManager: Mounting plugin AssetTags
LogPluginManager: Mounting plugin AudioSynesthesia
LogPluginManager: Mounting plugin CableComponent
LogPluginManager: Mounting plugin CustomMeshComponent
LogPluginManager: Mounting plugin ChunkDownloader
LogPluginManager: Mounting plugin EditableMesh
LogPluginManager: Mounting plugin ExampleDeviceProfileSelector
LogPluginManager: Mounting plugin GoogleCloudMessaging
LogPluginManager: Mounting plugin GooglePAD
LogPluginManager: Mounting plugin IOSDeviceProfileSelector
LogPluginManager: Mounting plugin LinuxDeviceProfileSelector
LogPluginManager: Mounting plugin LocationServicesBPLibrary
LogPluginManager: Mounting plugin MobilePatchingUtils
LogPluginManager: Mounting plugin ScreenshotTools
LogPluginManager: Mounting plugin OpenXR
LogPluginManager: Mounting plugin OpenXREyeTracker
LogPluginManager: Mounting plugin OpenXRHandTracking
LogPluginManager: Mounting plugin PhysXVehicles
LogPluginManager: Mounting plugin PostSplashScreen
LogPluginManager: Mounting plugin ProceduralMeshComponent
LogPluginManager: Mounting plugin PropertyAccessEditor
LogPluginManager: Mounting plugin RuntimePhysXCooking
LogPluginManager: Mounting plugin SignificanceManager
LogPluginManager: Mounting plugin SoundFields
LogPluginManager: Mounting plugin Takes
LogPluginManager: Mounting plugin Synthesis
LogPluginManager: Mounting plugin WebMMoviePlayer
LogPluginManager: Mounting plugin WindowsMoviePlayer
LogPluginManager: Mounting plugin ContentBrowserAssetDataSource
LogPluginManager: Mounting plugin ContentBrowserClassDataSource
LogPluginManager: Mounting plugin ContentBrowserFileDataSource
LogPluginManager: Mounting plugin OnlineSubsystemGooglePlay
LogPluginManager: Mounting plugin OnlineSubsystemIOS
LogPluginManager: Mounting plugin OculusVR
LogPluginManager: Mounting plugin SteamVR
PixWinPlugin: PIX capture plugin failed to initialize! Check that the process is launched from PIX.
LogInit: Using libcurl 7.55.1-DEV
LogInit:  - built for x86_64-pc-win32
LogInit:  - supports SSL with OpenSSL/1.1.1
LogInit:  - supports HTTP deflate (compression) using libz 1.2.8
LogInit:  - other features:
LogInit:      CURL_VERSION_SSL
LogInit:      CURL_VERSION_LIBZ
LogInit:      CURL_VERSION_IPV6
LogInit:      CURL_VERSION_ASYNCHDNS
LogInit:      CURL_VERSION_LARGEFILE
LogInit:      CURL_VERSION_IDN
LogInit:  CurlRequestOptions (configurable via config and command line):
LogInit:  - bVerifyPeer = true  - Libcurl will verify peer certificate
LogInit:  - bUseHttpProxy = false  - Libcurl will NOT use HTTP proxy
LogInit:  - bDontReuseConnections = false  - Libcurl will reuse connections
LogInit:  - MaxHostConnections = 16  - Libcurl will limit the number of connections to a host
LogInit:  - LocalHostAddr = Default
LogInit:  - BufferSize = 65536
LogOnline: OSS: Creating online subsystem instance for: NULL
LogInit: WinSock: version 1.1 (2.2), MaxSocks=32767, MaxUdp=65467
LogOnline: OSS: TryLoadSubsystemAndSetDefault: Loaded subsystem for module [NULL]
LogOculusPluginWrapper: OculusPlugin initialized successfully
LogHMD: Failed initializing OVRPlugin 1.59.0
LogInit: Build: ++UE4+Release-4.27-CL-18319896
LogInit: Engine Version: 4.27.2-18319896+++UE4+Release-4.27
LogInit: Compatible Engine Version: 4.27.0-17155196+++UE4+Release-4.27
LogInit: Net CL: 17155196
LogInit: OS: Windows 10 (Release 2009) (), CPU: AMD Ryzen 7 7735HS with Radeon Graphics        , GPU: AMD Radeon(TM) Graphics
LogInit: Compiled (64-bit): Nov 30 2021 07:12:08
LogInit: Compiled with Visual C++: 19.24.28315.00
LogInit: Build Configuration: Development
LogInit: Branch Name: ++UE4+Release-4.27
LogInit: Command Line: 
LogInit: Base Directory: C:/Program Files/Epic Games/UE_4.27/Engine/Binaries/Win64/
LogInit: Allocator: TBB
LogInit: Installed Engine Build: 1
LogDevObjectVersion: Number of dev versions registered: 29
LogDevObjectVersion:   Dev-Blueprints (B0D832E4-1F89-4F0D-ACCF-7EB736FD4AA2): 10
LogDevObjectVersion:   Dev-Build (E1C64328-A22C-4D53-A36C-8E866417BD8C): 0
LogDevObjectVersion:   Dev-Core (375EC13C-06E4-48FB-B500-84F0262A717E): 4
LogDevObjectVersion:   Dev-Editor (E4B068ED-F494-42E9-A231-DA0B2E46BB41): 40
LogDevObjectVersion:   Dev-Framework (CFFC743F-43B0-4480-9391-14DF171D2073): 37
LogDevObjectVersion:   Dev-Mobile (B02B49B5-BB20-44E9-A304-32B752E40360): 3
LogDevObjectVersion:   Dev-Networking (A4E4105C-59A1-49B5-A7C5-40C4547EDFEE): 0
LogDevObjectVersion:   Dev-Online (39C831C9-5AE6-47DC-9A44-9C173E1C8E7C): 0
LogDevObjectVersion:   Dev-Physics (78F01B33-EBEA-4F98-B9B4-84EACCB95AA2): 14
LogDevObjectVersion:   Dev-Platform (6631380F-2D4D-43E0-8009-CF276956A95A): 0
LogDevObjectVersion:   Dev-Rendering (12F88B9F-8875-4AFC-A67C-D90C383ABD29): 45
LogDevObjectVersion:   Dev-Sequencer (7B5AE74C-D270-4C10-A958-57980B212A5A): 13
LogDevObjectVersion:   Dev-VR (D7296918-1DD6-4BDD-9DE2-64A83CC13884): 3
LogDevObjectVersion:   Dev-LoadTimes (C2A15278-BFE7-4AFE-6C17-90FF531DF755): 1
LogDevObjectVersion:   Private-Geometry (6EACA3D4-40EC-4CC1-B786-8BED09428FC5): 3
LogDevObjectVersion:   Dev-AnimPhys (29E575DD-E0A3-4627-9D10-D276232CDCEA): 17
LogDevObjectVersion:   Dev-Anim (AF43A65D-7FD3-4947-9873-3E8ED9C1BB05): 15
LogDevObjectVersion:   Dev-ReflectionCapture (6B266CEC-1EC7-4B8F-A30B-E4D90942FC07): 1
LogDevObjectVersion:   Dev-Automation (0DF73D61-A23F-47EA-B727-89E90C41499A): 1
LogDevObjectVersion:   FortniteMain (601D1886-AC64-4F84-AA16-D3DE0DEAC7D6): 47
LogDevObjectVersion:   FortniteRelease (E7086368-6B23-4C58-8439-1B7016265E91): 1
LogDevObjectVersion:   Dev-Enterprise (9DFFBCD6-494F-0158-E221-12823C92A888): 10
LogDevObjectVersion:   Dev-Niagara (F2AED0AC-9AFE-416F-8664-AA7FFA26D6FC): 1
LogDevObjectVersion:   Dev-Destruction (174F1F0B-B4C6-45A5-B13F-2EE8D0FB917D): 10
LogDevObjectVersion:   Dev-Physics-Ext (35F94A83-E258-406C-A318-09F59610247C): 41
LogDevObjectVersion:   Dev-PhysicsMaterial-Chaos (B68FC16E-8B1B-42E2-B453-215C058844FE): 1
LogDevObjectVersion:   Dev-CineCamera (B2E18506-4273-CFC2-A54E-F4BB758BBA07): 1
LogDevObjectVersion:   Dev-VirtualProduction (64F58936-FD1B-42BA-BA96-7289D5D0FA4E): 1
LogDevObjectVersion:   Dev-MediaFramework (6F0ED827-A609-4895-9C91-998D90180EA4): 2
LogInit: Presizing for max 25165824 objects, including 0 objects not considered by GC, pre-allocating 0 bytes for permanent pool.
LogConfig: Applying CVar settings from Section [/Script/Engine.StreamingSettings] File [C:/Users/hkh22/Documents/GitHub/UnrealProjectL4D2/Unreal_R4D2_Copy/Saved/Config/Windows/Engine.ini]
LogConfig: Setting CVar [[s.MinBulkDataSizeForAsyncLoading:131072]]
LogConfig: Setting CVar [[s.AsyncLoadingThreadEnabled:0]]
LogConfig: Setting CVar [[s.EventDrivenLoaderEnabled:1]]
LogConfig: Setting CVar [[s.WarnIfTimeLimitExceeded:0]]
LogConfig: Setting CVar [[s.TimeLimitExceededMultiplier:1.5]]
LogConfig: Setting CVar [[s.TimeLimitExceededMinTime:0.005]]
LogConfig: Setting CVar [[s.UseBackgroundLevelStreaming:1]]
LogConfig: Setting CVar [[s.PriorityAsyncLoadingExtraTime:15.0]]
LogConfig: Setting CVar [[s.LevelStreamingActorsUpdateTimeLimit:5.0]]
LogConfig: Setting CVar [[s.PriorityLevelStreamingActorsUpdateExtraTime:5.0]]
LogConfig: Setting CVar [[s.LevelStreamingComponentsRegistrationGranularity:10]]
LogConfig: Setting CVar [[s.UnregisterComponentsTimeLimit:1.0]]
LogConfig: Setting CVar [[s.LevelStreamingComponentsUnregistrationGranularity:5]]
LogConfig: Setting CVar [[s.FlushStreamingOnExit:1]]
LogInit: Object subsystem initialized
LogConfig: Setting CVar [[con.DebugEarlyDefault:1]]
LogConfig: Setting CVar [[r.setres:1280x720]]
[2024.12.26-06.00.45:453][  0]LogConfig: Setting CVar [[r.VSync:0]]
[2024.12.26-06.00.45:453][  0]LogConfig: Setting CVar [[r.RHICmdBypass:0]]
[2024.12.26-06.00.45:453][  0]LogConfig: Applying CVar settings from Section [/Script/Engine.RendererSettings] File [C:/Users/hkh22/Documents/GitHub/UnrealProjectL4D2/Unreal_R4D2_Copy/Saved/Config/Windows/Engine.ini]
[2024.12.26-06.00.45:453][  0]LogConfig: Setting CVar [[r.GPUCrashDebugging:0]]
[2024.12.26-06.00.45:453][  0]LogConfig: Applying CVar settings from Section [/Script/Engine.RendererOverrideSettings] File [C:/Users/hkh22/Documents/GitHub/UnrealProjectL4D2/Unreal_R4D2_Copy/Saved/Config/Windows/Engine.ini]
[2024.12.26-06.00.45:453][  0]LogConfig: Applying CVar settings from Section [/Script/Engine.StreamingSettings] File [C:/Users/hkh22/Documents/GitHub/UnrealProjectL4D2/Unreal_R4D2_Copy/Saved/Config/Windows/Engine.ini]
[2024.12.26-06.00.45:453][  0]LogConfig: Setting CVar [[s.MinBulkDataSizeForAsyncLoading:131072]]
[2024.12.26-06.00.45:453][  0]LogConfig: Setting CVar [[s.AsyncLoadingThreadEnabled:0]]
[2024.12.26-06.00.45:453][  0]LogConfig: Setting CVar [[s.EventDrivenLoaderEnabled:1]]
[2024.12.26-06.00.45:453][  0]LogConfig: Setting CVar [[s.WarnIfTimeLimitExceeded:0]]
[2024.12.26-06.00.45:453][  0]LogConfig: Setting CVar [[s.TimeLimitExceededMultiplier:1.5]]
[2024.12.26-06.00.45:453][  0]LogConfig: Setting CVar [[s.TimeLimitExceededMinTime:0.005]]
[2024.12.26-06.00.45:453][  0]LogConfig: Setting CVar [[s.UseBackgroundLevelStreaming:1]]
[2024.12.26-06.00.45:453][  0]LogConfig: Setting CVar [[s.PriorityAsyncLoadingExtraTime:15.0]]
[2024.12.26-06.00.45:453][  0]LogConfig: Setting CVar [[s.LevelStreamingActorsUpdateTimeLimit:5.0]]
[2024.12.26-06.00.45:453][  0]LogConfig: Setting CVar [[s.PriorityLevelStreamingActorsUpdateExtraTime:5.0]]
[2024.12.26-06.00.45:453][  0]LogConfig: Setting CVar [[s.LevelStreamingComponentsRegistrationGranularity:10]]
[2024.12.26-06.00.45:453][  0]LogConfig: Setting CVar [[s.UnregisterComponentsTimeLimit:1.0]]
[2024.12.26-06.00.45:453][  0]LogConfig: Setting CVar [[s.LevelStreamingComponentsUnregistrationGranularity:5]]
[2024.12.26-06.00.45:453][  0]LogConfig: Setting CVar [[s.FlushStreamingOnExit:1]]
[2024.12.26-06.00.45:453][  0]LogConfig: Applying CVar settings from Section [/Script/Engine.GarbageCollectionSettings] File [C:/Users/hkh22/Documents/GitHub/UnrealProjectL4D2/Unreal_R4D2_Copy/Saved/Config/Windows/Engine.ini]
[2024.12.26-06.00.45:453][  0]LogConfig: Setting CVar [[gc.MaxObjectsNotConsideredByGC:1]]
[2024.12.26-06.00.45:453][  0]LogConfig: Setting CVar [[gc.SizeOfPermanentObjectPool:0]]
[2024.12.26-06.00.45:453][  0]LogConfig: Setting CVar [[gc.FlushStreamingOnGC:0]]
[2024.12.26-06.00.45:453][  0]LogConfig: Setting CVar [[gc.NumRetriesBeforeForcingGC:10]]
[2024.12.26-06.00.45:453][  0]LogConfig: Setting CVar [[gc.AllowParallelGC:1]]
[2024.12.26-06.00.45:453][  0]LogConfig: Setting CVar [[gc.TimeBetweenPurgingPendingKillObjects:61.1]]
[2024.12.26-06.00.45:453][  0]LogConfig: Setting CVar [[gc.MaxObjectsInEditor:25165824]]
[2024.12.26-06.00.45:453][  0]LogConfig: Setting CVar [[gc.IncrementalBeginDestroyEnabled:1]]
[2024.12.26-06.00.45:453][  0]LogConfig: Setting CVar [[gc.CreateGCClusters:1]]
[2024.12.26-06.00.45:453][  0]LogConfig: Setting CVar [[gc.MinGCClusterSize:5]]
[2024.12.26-06.00.45:453][  0]LogConfig: Setting CVar [[gc.ActorClusteringEnabled:0]]
[2024.12.26-06.00.45:453][  0]LogConfig: Setting CVar [[gc.BlueprintClusteringEnabled:0]]
[2024.12.26-06.00.45:453][  0]LogConfig: Setting CVar [[gc.UseDisregardForGCOnDedicatedServers:0]]
[2024.12.26-06.00.45:453][  0]LogConfig: Setting CVar [[gc.MultithreadedDestructionEnabled:1]]
[2024.12.26-06.00.45:453][  0]LogConfig: Applying CVar settings from Section [/Script/Engine.NetworkSettings] File [C:/Users/hkh22/Documents/GitHub/UnrealProjectL4D2/Unreal_R4D2_Copy/Saved/Config/Windows/Engine.ini]
[2024.12.26-06.00.45:453][  0]LogConfig: Applying CVar settings from Section [/Script/UnrealEd.CookerSettings] File [C:/Users/hkh22/Documents/GitHub/UnrealProjectL4D2/Unreal_R4D2_Copy/Saved/Config/Windows/Engine.ini]
[2024.12.26-06.00.45:458][  0]LogConfig: Applying CVar settings from Section [ViewDistanceQuality@3] File [C:/Users/hkh22/Documents/GitHub/UnrealProjectL4D2/Unreal_R4D2_Copy/Saved/Config/Windows/Scalability.ini]
[2024.12.26-06.00.45:458][  0]LogConfig: Setting CVar [[r.SkeletalMeshLODBias:0]]
[2024.12.26-06.00.45:458][  0]LogConfig: Setting CVar [[r.ViewDistanceScale:1.0]]
[2024.12.26-06.00.45:458][  0]LogConfig: Applying CVar settings from Section [AntiAliasingQuality@3] File [C:/Users/hkh22/Documents/GitHub/UnrealProjectL4D2/Unreal_R4D2_Copy/Saved/Config/Windows/Scalability.ini]
[2024.12.26-06.00.45:458][  0]LogConfig: Setting CVar [[r.PostProcessAAQuality:4]]
[2024.12.26-06.00.45:458][  0]LogConfig: Applying CVar settings from Section [ShadowQuality@3] File [C:/Users/hkh22/Documents/GitHub/UnrealProjectL4D2/Unreal_R4D2_Copy/Saved/Config/Windows/Scalability.ini]
[2024.12.26-06.00.45:458][  0]LogConfig: Setting CVar [[r.LightFunctionQuality:1]]
[2024.12.26-06.00.45:458][  0]LogConfig: Setting CVar [[r.ShadowQuality:5]]
[2024.12.26-06.00.45:458][  0]LogConfig: Setting CVar [[r.Shadow.CSM.MaxCascades:10]]
[2024.12.26-06.00.45:458][  0]LogConfig: Setting CVar [[r.Shadow.MaxResolution:2048]]
[2024.12.26-06.00.45:458][  0]LogConfig: Setting CVar [[r.Shadow.MaxCSMResolution:2048]]
[2024.12.26-06.00.45:458][  0]LogConfig: Setting CVar [[r.Shadow.RadiusThreshold:0.01]]
[2024.12.26-06.00.45:458][  0]LogConfig: Setting CVar [[r.Shadow.DistanceScale:1.0]]
[2024.12.26-06.00.45:458][  0]LogConfig: Setting CVar [[r.Shadow.CSM.TransitionScale:1.0]]
[2024.12.26-06.00.45:458][  0]LogConfig: Setting CVar [[r.Shadow.PreShadowResolutionFactor:1.0]]
[2024.12.26-06.00.45:458][  0]LogConfig: Setting CVar [[r.DistanceFieldShadowing:1]]
[2024.12.26-06.00.45:458][  0]LogConfig: Setting CVar [[r.DistanceFieldAO:1]]
[2024.12.26-06.00.45:458][  0]LogConfig: Setting CVar [[r.AOQuality:2]]
[2024.12.26-06.00.45:458][  0]LogConfig: Setting CVar [[r.VolumetricFog:1]]
[2024.12.26-06.00.45:458][  0]LogConfig: Setting CVar [[r.VolumetricFog.GridPixelSize:8]]
[2024.12.26-06.00.45:458][  0]LogConfig: Setting CVar [[r.VolumetricFog.GridSizeZ:128]]
[2024.12.26-06.00.45:458][  0]LogConfig: Setting CVar [[r.VolumetricFog.HistoryMissSupersampleCount:4]]
[2024.12.26-06.00.45:458][  0]LogConfig: Setting CVar [[r.LightMaxDrawDistanceScale:1]]
[2024.12.26-06.00.45:458][  0]LogConfig: Setting CVar [[r.CapsuleShadows:1]]
[2024.12.26-06.00.45:458][  0]LogConfig: Applying CVar settings from Section [PostProcessQuality@3] File [C:/Users/hkh22/Documents/GitHub/UnrealProjectL4D2/Unreal_R4D2_Copy/Saved/Config/Windows/Scalability.ini]
[2024.12.26-06.00.45:458][  0]LogConfig: Setting CVar [[r.MotionBlurQuality:4]]
[2024.12.26-06.00.45:458][  0]LogConfig: Setting CVar [[r.AmbientOcclusionMipLevelFactor:0.4]]
[2024.12.26-06.00.45:458][  0]LogConfig: Setting CVar [[r.AmbientOcclusionMaxQuality:100]]
[2024.12.26-06.00.45:458][  0]LogConfig: Setting CVar [[r.AmbientOcclusionLevels:-1]]
[2024.12.26-06.00.45:458][  0]LogConfig: Setting CVar [[r.AmbientOcclusionRadiusScale:1.0]]
[2024.12.26-06.00.45:458][  0]LogConfig: Setting CVar [[r.DepthOfFieldQuality:2]]
[2024.12.26-06.00.45:458][  0]LogConfig: Setting CVar [[r.RenderTargetPoolMin:400]]
[2024.12.26-06.00.45:458][  0]LogConfig: Setting CVar [[r.LensFlareQuality:2]]
[2024.12.26-06.00.45:458][  0]LogConfig: Setting CVar [[r.SceneColorFringeQuality:1]]
[2024.12.26-06.00.45:458][  0]LogConfig: Setting CVar [[r.EyeAdaptationQuality:2]]
[2024.12.26-06.00.45:458][  0]LogConfig: Setting CVar [[r.BloomQuality:5]]
[2024.12.26-06.00.45:458][  0]LogConfig: Setting CVar [[r.FastBlurThreshold:100]]
[2024.12.26-06.00.45:458][  0]LogConfig: Setting CVar [[r.Upscale.Quality:3]]
[2024.12.26-06.00.45:458][  0]LogConfig: Setting CVar [[r.Tonemapper.GrainQuantization:1]]
[2024.12.26-06.00.45:458][  0]LogConfig: Setting CVar [[r.LightShaftQuality:1]]
[2024.12.26-06.00.45:458][  0]LogConfig: Setting CVar [[r.Filter.SizeScale:1]]
[2024.12.26-06.00.45:458][  0]LogConfig: Setting CVar [[r.Tonemapper.Quality:5]]
[2024.12.26-06.00.45:458][  0]LogConfig: Setting CVar [[r.DOF.Gather.AccumulatorQuality:1        ; higher gathering accumulator quality]]
[2024.12.26-06.00.45:458][  0]LogConfig: Setting CVar [[r.DOF.Gather.PostfilterMethod:1          ; Median3x3 postfilering method]]
[2024.12.26-06.00.45:458][  0]LogConfig: Setting CVar [[r.DOF.Gather.EnableBokehSettings:0       ; no bokeh simulation when gathering]]
[2024.12.26-06.00.45:458][  0]LogConfig: Setting CVar [[r.DOF.Gather.RingCount:4                 ; medium number of samples when gathering]]
[2024.12.26-06.00.45:458][  0]LogConfig: Setting CVar [[r.DOF.Scatter.ForegroundCompositing:1    ; additive foreground scattering]]
[2024.12.26-06.00.45:458][  0]LogConfig: Setting CVar [[r.DOF.Scatter.BackgroundCompositing:2    ; additive background scattering]]
[2024.12.26-06.00.45:458][  0]LogConfig: Setting CVar [[r.DOF.Scatter.EnableBokehSettings:1      ; bokeh simulation when scattering]]
[2024.12.26-06.00.45:458][  0]LogConfig: Setting CVar [[r.DOF.Scatter.MaxSpriteRatio:0.1         ; only a maximum of 10% of scattered bokeh]]
[2024.12.26-06.00.45:458][  0]LogConfig: Setting CVar [[r.DOF.Recombine.Quality:1                ; cheap slight out of focus]]
[2024.12.26-06.00.45:458][  0]LogConfig: Setting CVar [[r.DOF.Recombine.EnableBokehSettings:0    ; no bokeh simulation on slight out of focus]]
[2024.12.26-06.00.45:458][  0]LogConfig: Setting CVar [[r.DOF.TemporalAAQuality:1                ; more stable temporal accumulation]]
[2024.12.26-06.00.45:458][  0]LogConfig: Setting CVar [[r.DOF.Kernel.MaxForegroundRadius:0.025]]
[2024.12.26-06.00.45:458][  0]LogConfig: Setting CVar [[r.DOF.Kernel.MaxBackgroundRadius:0.025]]
[2024.12.26-06.00.45:458][  0]LogConfig: Applying CVar settings from Section [TextureQuality@3] File [C:/Users/hkh22/Documents/GitHub/UnrealProjectL4D2/Unreal_R4D2_Copy/Saved/Config/Windows/Scalability.ini]
[2024.12.26-06.00.45:458][  0]LogConfig: Setting CVar [[r.Streaming.MipBias:0]]
[2024.12.26-06.00.45:459][  0]LogConfig: Setting CVar [[r.Streaming.AmortizeCPUToGPUCopy:0]]
[2024.12.26-06.00.45:459][  0]LogConfig: Setting CVar [[r.Streaming.MaxNumTexturesToStreamPerFrame:0]]
[2024.12.26-06.00.45:459][  0]LogConfig: Setting CVar [[r.Streaming.Boost:1]]
[2024.12.26-06.00.45:459][  0]LogConfig: Setting CVar [[r.MaxAnisotropy:8]]
[2024.12.26-06.00.45:459][  0]LogConfig: Setting CVar [[r.VT.MaxAnisotropy:8]]
[2024.12.26-06.00.45:459][  0]LogConfig: Setting CVar [[r.Streaming.LimitPoolSizeToVRAM:0]]
[2024.12.26-06.00.45:459][  0]LogConfig: Setting CVar [[r.Streaming.PoolSize:1000]]
[2024.12.26-06.00.45:459][  0]LogConfig: Setting CVar [[r.Streaming.MaxEffectiveScreenSize:0]]
[2024.12.26-06.00.45:459][  0]LogConfig: Applying CVar settings from Section [EffectsQuality@3] File [C:/Users/hkh22/Documents/GitHub/UnrealProjectL4D2/Unreal_R4D2_Copy/Saved/Config/Windows/Scalability.ini]
[2024.12.26-06.00.45:459][  0]LogConfig: Setting CVar [[r.TranslucencyLightingVolumeDim:64]]
[2024.12.26-06.00.45:459][  0]LogConfig: Setting CVar [[r.RefractionQuality:2]]
[2024.12.26-06.00.45:459][  0]LogConfig: Setting CVar [[r.SSR.Quality:3]]
[2024.12.26-06.00.45:459][  0]LogConfig: Setting CVar [[r.SSR.HalfResSceneColor:0]]
[2024.12.26-06.00.45:459][  0]LogConfig: Setting CVar [[r.SceneColorFormat:4]]
[2024.12.26-06.00.45:459][  0]LogConfig: Setting CVar [[r.DetailMode:2]]
[2024.12.26-06.00.45:459][  0]LogConfig: Setting CVar [[r.TranslucencyVolumeBlur:1]]
[2024.12.26-06.00.45:459][  0]LogConfig: Setting CVar [[r.MaterialQualityLevel:1 ; High quality]]
[2024.12.26-06.00.45:459][  0]LogConfig: Setting CVar [[r.AnisotropicMaterials:1]]
[2024.12.26-06.00.45:459][  0]LogConfig: Setting CVar [[r.SSS.Scale:1]]
[2024.12.26-06.00.45:459][  0]LogConfig: Setting CVar [[r.SSS.SampleSet:2]]
[2024.12.26-06.00.45:459][  0]LogConfig: Setting CVar [[r.SSS.Quality:1]]
[2024.12.26-06.00.45:459][  0]LogConfig: Setting CVar [[r.SSS.HalfRes:0]]
[2024.12.26-06.00.45:459][  0]LogConfig: Setting CVar [[r.SSGI.Quality:3]]
[2024.12.26-06.00.45:459][  0]LogConfig: Setting CVar [[r.EmitterSpawnRateScale:1.0]]
[2024.12.26-06.00.45:459][  0]LogConfig: Setting CVar [[r.ParticleLightQuality:2]]
[2024.12.26-06.00.45:459][  0]LogConfig: Setting CVar [[r.SkyAtmosphere.AerialPerspectiveLUT.FastApplyOnOpaque:1 ; Always have FastSkyLUT 1 in this case to avoid wrong sky]]
[2024.12.26-06.00.45:459][  0]LogConfig: Setting CVar [[r.SkyAtmosphere.AerialPerspectiveLUT.SampleCountMaxPerSlice:4]]
[2024.12.26-06.00.45:459][  0]LogConfig: Setting CVar [[r.SkyAtmosphere.AerialPerspectiveLUT.DepthResolution:16.0]]
[2024.12.26-06.00.45:459][  0]LogConfig: Setting CVar [[r.SkyAtmosphere.FastSkyLUT:1]]
[2024.12.26-06.00.45:459][  0]LogConfig: Setting CVar [[r.SkyAtmosphere.FastSkyLUT.SampleCountMin:4.0]]
[2024.12.26-06.00.45:459][  0]LogConfig: Setting CVar [[r.SkyAtmosphere.FastSkyLUT.SampleCountMax:128.0]]
[2024.12.26-06.00.45:459][  0]LogConfig: Setting CVar [[r.SkyAtmosphere.SampleCountMin:4.0]]
[2024.12.26-06.00.45:459][  0]LogConfig: Setting CVar [[r.SkyAtmosphere.SampleCountMax:128.0]]
[2024.12.26-06.00.45:459][  0]LogConfig: Setting CVar [[r.SkyAtmosphere.TransmittanceLUT.UseSmallFormat:0]]
[2024.12.26-06.00.45:459][  0]LogConfig: Setting CVar [[r.SkyAtmosphere.TransmittanceLUT.SampleCount:10.0]]
[2024.12.26-06.00.45:459][  0]LogConfig: Setting CVar [[r.SkyAtmosphere.MultiScatteringLUT.SampleCount:15.0]]
[2024.12.26-06.00.45:459][  0]LogConfig: Setting CVar [[r.SkyLight.RealTimeReflectionCapture:1]]
[2024.12.26-06.00.45:459][  0]LogConfig: Applying CVar settings from Section [FoliageQuality@3] File [C:/Users/hkh22/Documents/GitHub/UnrealProjectL4D2/Unreal_R4D2_Copy/Saved/Config/Windows/Scalability.ini]
[2024.12.26-06.00.45:459][  0]LogConfig: Setting CVar [[foliage.DensityScale:1.0]]
[2024.12.26-06.00.45:459][  0]LogConfig: Setting CVar [[grass.DensityScale:1.0]]
[2024.12.26-06.00.45:459][  0]LogConfig: Applying CVar settings from Section [ShadingQuality@3] File [C:/Users/hkh22/Documents/GitHub/UnrealProjectL4D2/Unreal_R4D2_Copy/Saved/Config/Windows/Scalability.ini]
[2024.12.26-06.00.45:459][  0]LogConfig: Setting CVar [[r.HairStrands.SkyLighting.IntegrationType:2]]
[2024.12.26-06.00.45:459][  0]LogConfig: Setting CVar [[r.HairStrands.SkyAO.SampleCount:4]]
[2024.12.26-06.00.45:459][  0]LogConfig: Setting CVar [[r.HairStrands.Visibility.MSAA.SamplePerPixel:4]]
[2024.12.26-06.00.45:459][  0]LogInit: Selected Device Profile: [Windows]
[2024.12.26-06.00.45:459][  0]LogInit: Applying CVar settings loaded from the selected device profile: [Windows]
[2024.12.26-06.00.45:459][  0]LogHAL: Display: Platform has ~ 16 GB [16369225728 / 17179869184 / 16], which maps to Larger [LargestMinGB=32, LargerMinGB=12, DefaultMinGB=8, SmallerMinGB=6, SmallestMinGB=0)
[2024.12.26-06.00.45:459][  0]LogInit: Going up to parent DeviceProfile []
[2024.12.26-06.00.45:459][  0]LogConfig: Applying CVar settings from Section [ViewDistanceQuality@3] File [C:/Users/hkh22/Documents/GitHub/UnrealProjectL4D2/Unreal_R4D2_Copy/Saved/Config/Windows/Scalability.ini]
[2024.12.26-06.00.45:459][  0]LogConfig: Setting CVar [[r.SkeletalMeshLODBias:0]]
[2024.12.26-06.00.45:459][  0]LogConfig: Setting CVar [[r.ViewDistanceScale:1.0]]
[2024.12.26-06.00.45:459][  0]LogConfig: Applying CVar settings from Section [AntiAliasingQuality@3] File [C:/Users/hkh22/Documents/GitHub/UnrealProjectL4D2/Unreal_R4D2_Copy/Saved/Config/Windows/Scalability.ini]
[2024.12.26-06.00.45:459][  0]LogConfig: Setting CVar [[r.PostProcessAAQuality:4]]
[2024.12.26-06.00.45:459][  0]LogConfig: Applying CVar settings from Section [ShadowQuality@3] File [C:/Users/hkh22/Documents/GitHub/UnrealProjectL4D2/Unreal_R4D2_Copy/Saved/Config/Windows/Scalability.ini]
[2024.12.26-06.00.45:459][  0]LogConfig: Setting CVar [[r.LightFunctionQuality:1]]
[2024.12.26-06.00.45:459][  0]LogConfig: Setting CVar [[r.ShadowQuality:5]]
[2024.12.26-06.00.45:459][  0]LogConfig: Setting CVar [[r.Shadow.CSM.MaxCascades:10]]
[2024.12.26-06.00.45:459][  0]LogConfig: Setting CVar [[r.Shadow.MaxResolution:2048]]
[2024.12.26-06.00.45:459][  0]LogConfig: Setting CVar [[r.Shadow.MaxCSMResolution:2048]]
[2024.12.26-06.00.45:459][  0]LogConfig: Setting CVar [[r.Shadow.RadiusThreshold:0.01]]
[2024.12.26-06.00.45:459][  0]LogConfig: Setting CVar [[r.Shadow.DistanceScale:1.0]]
[2024.12.26-06.00.45:459][  0]LogConfig: Setting CVar [[r.Shadow.CSM.TransitionScale:1.0]]
[2024.12.26-06.00.45:459][  0]LogConfig: Setting CVar [[r.Shadow.PreShadowResolutionFactor:1.0]]
[2024.12.26-06.00.45:459][  0]LogConfig: Setting CVar [[r.DistanceFieldShadowing:1]]
[2024.12.26-06.00.45:459][  0]LogConfig: Setting CVar [[r.DistanceFieldAO:1]]
[2024.12.26-06.00.45:459][  0]LogConfig: Setting CVar [[r.AOQuality:2]]
[2024.12.26-06.00.45:459][  0]LogConfig: Setting CVar [[r.VolumetricFog:1]]
[2024.12.26-06.00.45:459][  0]LogConfig: Setting CVar [[r.VolumetricFog.GridPixelSize:8]]
[2024.12.26-06.00.45:459][  0]LogConfig: Setting CVar [[r.VolumetricFog.GridSizeZ:128]]
[2024.12.26-06.00.45:459][  0]LogConfig: Setting CVar [[r.VolumetricFog.HistoryMissSupersampleCount:4]]
[2024.12.26-06.00.45:459][  0]LogConfig: Setting CVar [[r.LightMaxDrawDistanceScale:1]]
[2024.12.26-06.00.45:459][  0]LogConfig: Setting CVar [[r.CapsuleShadows:1]]
[2024.12.26-06.00.45:459][  0]LogConfig: Applying CVar settings from Section [PostProcessQuality@3] File [C:/Users/hkh22/Documents/GitHub/UnrealProjectL4D2/Unreal_R4D2_Copy/Saved/Config/Windows/Scalability.ini]
[2024.12.26-06.00.45:459][  0]LogConfig: Setting CVar [[r.MotionBlurQuality:4]]
[2024.12.26-06.00.45:459][  0]LogConfig: Setting CVar [[r.AmbientOcclusionMipLevelFactor:0.4]]
[2024.12.26-06.00.45:459][  0]LogConfig: Setting CVar [[r.AmbientOcclusionMaxQuality:100]]
[2024.12.26-06.00.45:459][  0]LogConfig: Setting CVar [[r.AmbientOcclusionLevels:-1]]
[2024.12.26-06.00.45:459][  0]LogConfig: Setting CVar [[r.AmbientOcclusionRadiusScale:1.0]]
[2024.12.26-06.00.45:459][  0]LogConfig: Setting CVar [[r.DepthOfFieldQuality:2]]
[2024.12.26-06.00.45:459][  0]LogConfig: Setting CVar [[r.RenderTargetPoolMin:400]]
[2024.12.26-06.00.45:459][  0]LogConfig: Setting CVar [[r.LensFlareQuality:2]]
[2024.12.26-06.00.45:459][  0]LogConfig: Setting CVar [[r.SceneColorFringeQuality:1]]
[2024.12.26-06.00.45:459][  0]LogConfig: Setting CVar [[r.EyeAdaptationQuality:2]]
[2024.12.26-06.00.45:459][  0]LogConfig: Setting CVar [[r.BloomQuality:5]]
[2024.12.26-06.00.45:459][  0]LogConfig: Setting CVar [[r.FastBlurThreshold:100]]
[2024.12.26-06.00.45:459][  0]LogConfig: Setting CVar [[r.Upscale.Quality:3]]
[2024.12.26-06.00.45:459][  0]LogConfig: Setting CVar [[r.Tonemapper.GrainQuantization:1]]
[2024.12.26-06.00.45:459][  0]LogConfig: Setting CVar [[r.LightShaftQuality:1]]
[2024.12.26-06.00.45:459][  0]LogConfig: Setting CVar [[r.Filter.SizeScale:1]]
[2024.12.26-06.00.45:459][  0]LogConfig: Setting CVar [[r.Tonemapper.Quality:5]]
[2024.12.26-06.00.45:459][  0]LogConfig: Setting CVar [[r.DOF.Gather.AccumulatorQuality:1        ; higher gathering accumulator quality]]
[2024.12.26-06.00.45:459][  0]LogConfig: Setting CVar [[r.DOF.Gather.PostfilterMethod:1          ; Median3x3 postfilering method]]
[2024.12.26-06.00.45:459][  0]LogConfig: Setting CVar [[r.DOF.Gather.EnableBokehSettings:0       ; no bokeh simulation when gathering]]
[2024.12.26-06.00.45:459][  0]LogConfig: Setting CVar [[r.DOF.Gather.RingCount:4                 ; medium number of samples when gathering]]
[2024.12.26-06.00.45:459][  0]LogConfig: Setting CVar [[r.DOF.Scatter.ForegroundCompositing:1    ; additive foreground scattering]]
[2024.12.26-06.00.45:459][  0]LogConfig: Setting CVar [[r.DOF.Scatter.BackgroundCompositing:2    ; additive background scattering]]
[2024.12.26-06.00.45:459][  0]LogConfig: Setting CVar [[r.DOF.Scatter.EnableBokehSettings:1      ; bokeh simulation when scattering]]
[2024.12.26-06.00.45:459][  0]LogConfig: Setting CVar [[r.DOF.Scatter.MaxSpriteRatio:0.1         ; only a maximum of 10% of scattered bokeh]]
[2024.12.26-06.00.45:459][  0]LogConfig: Setting CVar [[r.DOF.Recombine.Quality:1                ; cheap slight out of focus]]
[2024.12.26-06.00.45:459][  0]LogConfig: Setting CVar [[r.DOF.Recombine.EnableBokehSettings:0    ; no bokeh simulation on slight out of focus]]
[2024.12.26-06.00.45:459][  0]LogConfig: Setting CVar [[r.DOF.TemporalAAQuality:1                ; more stable temporal accumulation]]
[2024.12.26-06.00.45:459][  0]LogConfig: Setting CVar [[r.DOF.Kernel.MaxForegroundRadius:0.025]]
[2024.12.26-06.00.45:459][  0]LogConfig: Setting CVar [[r.DOF.Kernel.MaxBackgroundRadius:0.025]]
[2024.12.26-06.00.45:459][  0]LogConfig: Applying CVar settings from Section [TextureQuality@3] File [C:/Users/hkh22/Documents/GitHub/UnrealProjectL4D2/Unreal_R4D2_Copy/Saved/Config/Windows/Scalability.ini]
[2024.12.26-06.00.45:459][  0]LogConfig: Setting CVar [[r.Streaming.MipBias:0]]
[2024.12.26-06.00.45:459][  0]LogConfig: Setting CVar [[r.Streaming.AmortizeCPUToGPUCopy:0]]
[2024.12.26-06.00.45:459][  0]LogConfig: Setting CVar [[r.Streaming.MaxNumTexturesToStreamPerFrame:0]]
[2024.12.26-06.00.45:459][  0]LogConfig: Setting CVar [[r.Streaming.Boost:1]]
[2024.12.26-06.00.45:459][  0]LogConfig: Setting CVar [[r.MaxAnisotropy:8]]
[2024.12.26-06.00.45:459][  0]LogConfig: Setting CVar [[r.VT.MaxAnisotropy:8]]
[2024.12.26-06.00.45:459][  0]LogConfig: Setting CVar [[r.Streaming.LimitPoolSizeToVRAM:0]]
[2024.12.26-06.00.45:459][  0]LogConfig: Setting CVar [[r.Streaming.PoolSize:1000]]
[2024.12.26-06.00.45:460][  0]LogConfig: Setting CVar [[r.Streaming.MaxEffectiveScreenSize:0]]
[2024.12.26-06.00.45:460][  0]LogConfig: Applying CVar settings from Section [EffectsQuality@3] File [C:/Users/hkh22/Documents/GitHub/UnrealProjectL4D2/Unreal_R4D2_Copy/Saved/Config/Windows/Scalability.ini]
[2024.12.26-06.00.45:460][  0]LogConfig: Setting CVar [[r.TranslucencyLightingVolumeDim:64]]
[2024.12.26-06.00.45:460][  0]LogConfig: Setting CVar [[r.RefractionQuality:2]]
[2024.12.26-06.00.45:460][  0]LogConfig: Setting CVar [[r.SSR.Quality:3]]
[2024.12.26-06.00.45:460][  0]LogConfig: Setting CVar [[r.SSR.HalfResSceneColor:0]]
[2024.12.26-06.00.45:460][  0]LogConfig: Setting CVar [[r.SceneColorFormat:4]]
[2024.12.26-06.00.45:460][  0]LogConfig: Setting CVar [[r.DetailMode:2]]
[2024.12.26-06.00.45:460][  0]LogConfig: Setting CVar [[r.TranslucencyVolumeBlur:1]]
[2024.12.26-06.00.45:460][  0]LogConfig: Setting CVar [[r.MaterialQualityLevel:1 ; High quality]]
[2024.12.26-06.00.45:460][  0]LogConfig: Setting CVar [[r.AnisotropicMaterials:1]]
[2024.12.26-06.00.45:460][  0]LogConfig: Setting CVar [[r.SSS.Scale:1]]
[2024.12.26-06.00.45:460][  0]LogConfig: Setting CVar [[r.SSS.SampleSet:2]]
[2024.12.26-06.00.45:460][  0]LogConfig: Setting CVar [[r.SSS.Quality:1]]
[2024.12.26-06.00.45:460][  0]LogConfig: Setting CVar [[r.SSS.HalfRes:0]]
[2024.12.26-06.00.45:460][  0]LogConfig: Setting CVar [[r.SSGI.Quality:3]]
[2024.12.26-06.00.45:460][  0]LogConfig: Setting CVar [[r.EmitterSpawnRateScale:1.0]]
[2024.12.26-06.00.45:460][  0]LogConfig: Setting CVar [[r.ParticleLightQuality:2]]
[2024.12.26-06.00.45:460][  0]LogConfig: Setting CVar [[r.SkyAtmosphere.AerialPerspectiveLUT.FastApplyOnOpaque:1 ; Always have FastSkyLUT 1 in this case to avoid wrong sky]]
[2024.12.26-06.00.45:460][  0]LogConfig: Setting CVar [[r.SkyAtmosphere.AerialPerspectiveLUT.SampleCountMaxPerSlice:4]]
[2024.12.26-06.00.45:460][  0]LogConfig: Setting CVar [[r.SkyAtmosphere.AerialPerspectiveLUT.DepthResolution:16.0]]
[2024.12.26-06.00.45:460][  0]LogConfig: Setting CVar [[r.SkyAtmosphere.FastSkyLUT:1]]
[2024.12.26-06.00.45:460][  0]LogConfig: Setting CVar [[r.SkyAtmosphere.FastSkyLUT.SampleCountMin:4.0]]
[2024.12.26-06.00.45:460][  0]LogConfig: Setting CVar [[r.SkyAtmosphere.FastSkyLUT.SampleCountMax:128.0]]
[2024.12.26-06.00.45:460][  0]LogConfig: Setting CVar [[r.SkyAtmosphere.SampleCountMin:4.0]]
[2024.12.26-06.00.45:460][  0]LogConfig: Setting CVar [[r.SkyAtmosphere.SampleCountMax:128.0]]
[2024.12.26-06.00.45:460][  0]LogConfig: Setting CVar [[r.SkyAtmosphere.TransmittanceLUT.UseSmallFormat:0]]
[2024.12.26-06.00.45:460][  0]LogConfig: Setting CVar [[r.SkyAtmosphere.TransmittanceLUT.SampleCount:10.0]]
[2024.12.26-06.00.45:460][  0]LogConfig: Setting CVar [[r.SkyAtmosphere.MultiScatteringLUT.SampleCount:15.0]]
[2024.12.26-06.00.45:460][  0]LogConfig: Setting CVar [[r.SkyLight.RealTimeReflectionCapture:1]]
[2024.12.26-06.00.45:460][  0]LogConfig: Applying CVar settings from Section [FoliageQuality@3] File [C:/Users/hkh22/Documents/GitHub/UnrealProjectL4D2/Unreal_R4D2_Copy/Saved/Config/Windows/Scalability.ini]
[2024.12.26-06.00.45:460][  0]LogConfig: Setting CVar [[foliage.DensityScale:1.0]]
[2024.12.26-06.00.45:460][  0]LogConfig: Setting CVar [[grass.DensityScale:1.0]]
[2024.12.26-06.00.45:460][  0]LogConfig: Applying CVar settings from Section [ShadingQuality@3] File [C:/Users/hkh22/Documents/GitHub/UnrealProjectL4D2/Unreal_R4D2_Copy/Saved/Config/Windows/Scalability.ini]
[2024.12.26-06.00.45:460][  0]LogConfig: Setting CVar [[r.HairStrands.SkyLighting.IntegrationType:2]]
[2024.12.26-06.00.45:460][  0]LogConfig: Setting CVar [[r.HairStrands.SkyAO.SampleCount:4]]
[2024.12.26-06.00.45:460][  0]LogConfig: Setting CVar [[r.HairStrands.Visibility.MSAA.SamplePerPixel:4]]
[2024.12.26-06.00.45:460][  0]LogConfig: Applying CVar settings from Section [Startup] File [../../../Engine/Config/ConsoleVariables.ini]
[2024.12.26-06.00.45:460][  0]LogConfig: Setting CVar [[net.UseAdaptiveNetUpdateFrequency:0]]
[2024.12.26-06.00.45:460][  0]LogConfig: Setting CVar [[p.chaos.AllowCreatePhysxBodies:1]]
[2024.12.26-06.00.45:460][  0]LogConfig: Setting CVar [[fx.SkipVectorVMBackendOptimizations:1]]
[2024.12.26-06.00.45:460][  0]LogConfig: Applying CVar settings from Section [ConsoleVariables] File [C:/Users/hkh22/Documents/GitHub/UnrealProjectL4D2/Unreal_R4D2_Copy/Saved/Config/Windows/Engine.ini]
[2024.12.26-06.00.45:460][  0]LogConfig: Applying CVar settings from Section [ConsoleVariables] File [C:/Users/hkh22/Documents/GitHub/UnrealProjectL4D2/Unreal_R4D2_Copy/Saved/Config/Windows/Editor.ini]
[2024.12.26-06.00.45:460][  0]LogInit: Computer: DESKTOP-D9HVBCT
[2024.12.26-06.00.45:460][  0]LogInit: User: hkh22
[2024.12.26-06.00.45:460][  0]LogInit: CPU Page size=4096, Cores=8
[2024.12.26-06.00.45:460][  0]LogInit: High frequency timer resolution =10.000000 MHz
[2024.12.26-06.00.45:460][  0]LogMemory: Memory total: Physical=15.2GB (16GB approx)
[2024.12.26-06.00.45:460][  0]LogMemory: Platform Memory Stats for Windows
[2024.12.26-06.00.45:460][  0]LogMemory: Process Physical Memory: 147.85 MB used, 147.85 MB peak
[2024.12.26-06.00.45:460][  0]LogMemory: Process Virtual Memory: 129.42 MB used, 129.42 MB peak
[2024.12.26-06.00.45:460][  0]LogMemory: Physical Memory: 10916.67 MB used,  4694.24 MB free, 15610.91 MB total
[2024.12.26-06.00.45:460][  0]LogMemory: Virtual Memory: 134200640.00 MB used,  17091.26 MB free, 134217728.00 MB total
[2024.12.26-06.00.45:465][  0]LogWindows: WindowsPlatformFeatures enabled
[2024.12.26-06.00.45:483][  0]LogInit: Physics initialised using underlying interface: PhysX
[2024.12.26-06.00.45:484][  0]LogInit: Overriding language with editor language configuration option (ko).
[2024.12.26-06.00.45:484][  0]LogInit: Using OS detected locale (ko-KR).
[2024.12.26-06.00.45:595][  0]LogInit: Setting process to per monitor DPI aware
[2024.12.26-06.00.45:610][  0]LogWindowsTextInputMethodSystem: Display: IME system deactivated.
[2024.12.26-06.00.45:622][  0]LogSlate: New Slate User Created.  User Index 0, Is Virtual User: 0
[2024.12.26-06.00.45:622][  0]LogSlate: Slate User Registered.  User Index 0, Is Virtual User: 0
[2024.12.26-06.00.45:720][  0]LogD3D11RHI: Loaded GFSDK_Aftermath_Lib.x64.dll
[2024.12.26-06.00.45:768][  0]LogHMD: Failed to initialize OpenVR with code 110
[2024.12.26-06.00.45:768][  0]LogD3D11RHI: D3D11 min allowed feature level: 11_0
[2024.12.26-06.00.45:768][  0]LogD3D11RHI: D3D11 max allowed feature level: 11_0
[2024.12.26-06.00.45:768][  0]LogD3D11RHI: D3D11 adapters:
[2024.12.26-06.00.45:884][  0]LogD3D11RHI:    0. 'NVIDIA GeForce RTX 4060 Laptop GPU' (Feature Level 11_0)
[2024.12.26-06.00.45:885][  0]LogD3D11RHI:       7957/0/7805 MB DedicatedVideo/DedicatedSystem/SharedSystem, Outputs:1, VendorId:0x10de
[2024.12.26-06.00.45:954][  0]LogD3D11RHI:    1. 'AMD Radeon(TM) Graphics' (Feature Level 11_0)
[2024.12.26-06.00.45:954][  0]LogD3D11RHI:       485/0/7805 MB DedicatedVideo/DedicatedSystem/SharedSystem, Outputs:0, VendorId:0x1002
[2024.12.26-06.00.45:956][  0]LogD3D11RHI:    2. 'Microsoft Basic Render Driver' (Feature Level 11_0)
[2024.12.26-06.00.45:956][  0]LogD3D11RHI:       0/0/7805 MB DedicatedVideo/DedicatedSystem/SharedSystem, Outputs:0, VendorId:0x1414
[2024.12.26-06.00.45:956][  0]LogD3D11RHI: Chosen D3D11 Adapter:
[2024.12.26-06.00.45:956][  0]LogD3D11RHI:     Description : NVIDIA GeForce RTX 4060 Laptop GPU
[2024.12.26-06.00.45:957][  0]LogD3D11RHI:     VendorId    : 10de
[2024.12.26-06.00.45:957][  0]LogD3D11RHI:     DeviceId    : 28e0
[2024.12.26-06.00.45:957][  0]LogD3D11RHI:     SubSysId    : 19dd1043
[2024.12.26-06.00.45:957][  0]LogD3D11RHI:     Revision    : 00a1
[2024.12.26-06.00.45:957][  0]LogD3D11RHI:     DedicatedVideoMemory : 8343519232 bytes
[2024.12.26-06.00.45:957][  0]LogD3D11RHI:     DedicatedSystemMemory : 0 bytes
[2024.12.26-06.00.45:957][  0]LogD3D11RHI:     SharedSystemMemory : 8184612864 bytes
[2024.12.26-06.00.45:957][  0]LogD3D11RHI:     AdapterLuid : 0 82718
[2024.12.26-06.00.45:968][  0]LogD3D11RHI: Creating new Direct3DDevice
[2024.12.26-06.00.45:968][  0]LogD3D11RHI:     GPU DeviceId: 0x28e0 (for the marketing name, search the web for "GPU Device Id")
[2024.12.26-06.00.45:968][  0]LogWindows: EnumDisplayDevices:
[2024.12.26-06.00.45:969][  0]LogWindows:    0. 'AMD Radeon(TM) Graphics' (P:1 D:1)
[2024.12.26-06.00.45:969][  0]LogWindows:    1. 'AMD Radeon(TM) Graphics' (P:0 D:0)
[2024.12.26-06.00.45:969][  0]LogWindows:    2. 'AMD Radeon(TM) Graphics' (P:0 D:0)
[2024.12.26-06.00.45:969][  0]LogWindows:    3. 'AMD Radeon(TM) Graphics' (P:0 D:0)
[2024.12.26-06.00.45:969][  0]LogWindows:    4. 'AMD Radeon(TM) Graphics' (P:0 D:0)
[2024.12.26-06.00.45:970][  0]LogWindows:    5. 'NVIDIA GeForce RTX 4060 Laptop GPU' (P:0 D:0)
[2024.12.26-06.00.45:970][  0]LogWindows:    6. 'NVIDIA GeForce RTX 4060 Laptop GPU' (P:0 D:0)
[2024.12.26-06.00.45:970][  0]LogWindows:    7. 'NVIDIA GeForce RTX 4060 Laptop GPU' (P:0 D:0)
[2024.12.26-06.00.45:970][  0]LogWindows:    8. 'NVIDIA GeForce RTX 4060 Laptop GPU' (P:0 D:0)
[2024.12.26-06.00.45:970][  0]LogWindows: DebugString: PrimaryIsNotTheChoosenAdapter PrimaryIsNotTheChoosenAdapter PrimaryIsNotTheChoosenAdapter PrimaryIsNotTheChoosenAdapter PrimaryIsNotTheChoosenAdapter FoundDriverCount:4 
[2024.12.26-06.00.45:970][  0]LogD3D11RHI:     Adapter Name: NVIDIA GeForce RTX 4060 Laptop GPU
[2024.12.26-06.00.45:970][  0]LogD3D11RHI:   Driver Version: 552.44 (internal:31.0.15.5244, unified:552.44)
[2024.12.26-06.00.45:970][  0]LogD3D11RHI:      Driver Date: 5-7-2024
[2024.12.26-06.00.45:970][  0]LogRHI: Texture pool is 5569 MB (70% of 7957 MB)
[2024.12.26-06.00.45:970][  0]LogD3D11RHI: Creating D3DDevice using adapter:
[2024.12.26-06.00.45:970][  0]LogD3D11RHI:     Description : NVIDIA GeForce RTX 4060 Laptop GPU
[2024.12.26-06.00.45:970][  0]LogD3D11RHI:     VendorId    : 10de
[2024.12.26-06.00.45:970][  0]LogD3D11RHI:     DeviceId    : 28e0
[2024.12.26-06.00.45:970][  0]LogD3D11RHI:     SubSysId    : 19dd1043
[2024.12.26-06.00.45:970][  0]LogD3D11RHI:     Revision    : 00a1
[2024.12.26-06.00.45:970][  0]LogD3D11RHI:     DedicatedVideoMemory : 8343519232 bytes
[2024.12.26-06.00.45:970][  0]LogD3D11RHI:     DedicatedSystemMemory : 0 bytes
[2024.12.26-06.00.45:970][  0]LogD3D11RHI:     SharedSystemMemory : 8184612864 bytes
[2024.12.26-06.00.45:970][  0]LogD3D11RHI:     AdapterLuid : 0 82718
[2024.12.26-06.00.46:074][  0]LogD3D11RHI: RHI has support for 64 bit atomics
[2024.12.26-06.00.46:074][  0]LogD3D11RHI: Async texture creation enabled
[2024.12.26-06.00.46:074][  0]LogD3D11RHI: Array index from any shader is supported
[2024.12.26-06.00.46:094][  0]LogD3D11RHI: GPU Timing Frequency: 1000.000000 (Debug: 2 1)
[2024.12.26-06.00.46:118][  0]LogRHI: GeForceNow SDK initialized: 1
[2024.12.26-06.00.46:355][  0]LogTargetPlatformManager: Display: Loaded TargetPlatform 'AllDesktop'
[2024.12.26-06.00.46:377][  0]LogTargetPlatformManager: Display: Loaded TargetPlatform 'Android'
[2024.12.26-06.00.46:377][  0]LogTargetPlatformManager: Display: Loaded TargetPlatform 'Android_ASTC'
[2024.12.26-06.00.46:377][  0]LogTargetPlatformManager: Display: Loaded TargetPlatform 'Android_DXT'
[2024.12.26-06.00.46:377][  0]LogTargetPlatformManager: Display: Loaded TargetPlatform 'Android_ETC2'
[2024.12.26-06.00.46:377][  0]LogTargetPlatformManager: Display: Loaded TargetPlatform 'AndroidClient'
[2024.12.26-06.00.46:377][  0]LogTargetPlatformManager: Display: Loaded TargetPlatform 'Android_ASTCClient'
[2024.12.26-06.00.46:377][  0]LogTargetPlatformManager: Display: Loaded TargetPlatform 'Android_DXTClient'
[2024.12.26-06.00.46:377][  0]LogTargetPlatformManager: Display: Loaded TargetPlatform 'Android_ETC2Client'
[2024.12.26-06.00.46:377][  0]LogTargetPlatformManager: Display: Loaded TargetPlatform 'Android_Multi'
[2024.12.26-06.00.46:377][  0]LogTargetPlatformManager: Display: Loaded TargetPlatform 'Android_MultiClient'
[2024.12.26-06.00.46:394][  0]LogTargetPlatformManager: Display: Loaded TargetPlatform 'IOSClient'
[2024.12.26-06.00.46:394][  0]LogTargetPlatformManager: Display: Loaded TargetPlatform 'IOS'
[2024.12.26-06.00.46:401][  0]LogTargetPlatformManager: Display: Loaded TargetPlatform 'Linux'
[2024.12.26-06.00.46:405][  0]LogTargetPlatformManager: Display: Loaded TargetPlatform 'LinuxNoEditor'
[2024.12.26-06.00.46:410][  0]LogTargetPlatformManager: Display: Loaded TargetPlatform 'LinuxClient'
[2024.12.26-06.00.46:414][  0]LogTargetPlatformManager: Display: Loaded TargetPlatform 'LinuxServer'
[2024.12.26-06.00.46:422][  0]LogTargetPlatformManager: Display: Loaded TargetPlatform 'LinuxAArch64NoEditor'
[2024.12.26-06.00.46:426][  0]LogTargetPlatformManager: Display: Loaded TargetPlatform 'LinuxAArch64Client'
[2024.12.26-06.00.46:431][  0]LogTargetPlatformManager: Display: Loaded TargetPlatform 'LinuxAArch64Server'
[2024.12.26-06.00.46:451][  0]LogTargetPlatformManager: Display: Loaded TargetPlatform 'Lumin'
[2024.12.26-06.00.46:451][  0]LogTargetPlatformManager: Display: Loaded TargetPlatform 'LuminClient'
[2024.12.26-06.00.46:458][  0]LogTargetPlatformManager: Display: Loaded TargetPlatform 'MacNoEditor'
[2024.12.26-06.00.46:463][  0]LogTargetPlatformManager: Display: Loaded TargetPlatform 'Mac'
[2024.12.26-06.00.46:468][  0]LogTargetPlatformManager: Display: Loaded TargetPlatform 'MacClient'
[2024.12.26-06.00.46:473][  0]LogTargetPlatformManager: Display: Loaded TargetPlatform 'MacServer'
[2024.12.26-06.00.46:481][  0]LogTargetPlatformManager: Display: Loaded TargetPlatform 'TVOSClient'
[2024.12.26-06.00.46:481][  0]LogTargetPlatformManager: Display: Loaded TargetPlatform 'TVOS'
[2024.12.26-06.00.46:488][  0]LogTargetPlatformManager: Display: Loaded TargetPlatform 'WindowsNoEditor'
[2024.12.26-06.00.46:493][  0]LogTargetPlatformManager: Display: Loaded TargetPlatform 'Windows'
[2024.12.26-06.00.46:496][  0]LogTargetPlatformManager: Display: Loaded TargetPlatform 'WindowsClient'
[2024.12.26-06.00.46:500][  0]LogTargetPlatformManager: Display: Loaded TargetPlatform 'WindowsServer'
[2024.12.26-06.00.46:500][  0]LogTargetPlatformManager: Display: Building Assets For Windows
[2024.12.26-06.00.46:508][  0]LogAudioDebug: Display: Lib vorbis DLL was dynamically loaded.
[2024.12.26-06.00.46:535][  0]LogTextureFormatOodle: Display: Oodle Texture 2.9.0 init RDO Off
[2024.12.26-06.00.46:566][  0]LogRendererCore: Ray tracing is disabled. Reason: r.RayTracing=0.
[2024.12.26-06.00.46:566][  0]LogShaderCompilers: Guid format shader working directory is -36 characters bigger than the processId version (../../../../../../Users/hkh22/Documents/GitHub/UnrealProjectL4D2/Unreal_R4D2_Copy/Intermediate/Shaders/WorkingDirectory/11736/).
[2024.12.26-06.00.46:567][  0]LogShaderCompilers: Cleaned the shader compiler working directory 'C:/Users/hkh22/AppData/Local/Temp/UnrealShaderWorkingDir/7D59A782443BE2DEA7E09C9930E7FF64/'.
[2024.12.26-06.00.46:567][  0]LogXGEController: Cannot use XGE Controller as Incredibuild is not installed on this machine.
[2024.12.26-06.00.46:567][  0]LogShaderCompilers: Cannot use XGE Shader Compiler as Incredibuild is not installed on this machine.
[2024.12.26-06.00.46:567][  0]LogShaderCompilers: Display: Using Local Shader Compiler.
[2024.12.26-06.00.47:131][  0]LogDerivedDataCache: Display: Max Cache Size: 512 MB
[2024.12.26-06.00.47:172][  0]LogDerivedDataCache: Loaded boot cache 0.04s 96MB C:/Users/hkh22/AppData/Local/UnrealEngine/4.27/DerivedDataCache/Boot.ddc.
[2024.12.26-06.00.47:172][  0]LogDerivedDataCache: Display: Loaded Boot cache: C:/Users/hkh22/AppData/Local/UnrealEngine/4.27/DerivedDataCache/Boot.ddc
[2024.12.26-06.00.47:172][  0]LogDerivedDataCache: FDerivedDataBackendGraph:  Pak pak cache file ../../../../../../Users/hkh22/Documents/GitHub/UnrealProjectL4D2/Unreal_R4D2_Copy/DerivedDataCache/DDC.ddp not found, will not use a pak cache.
[2024.12.26-06.00.47:172][  0]LogDerivedDataCache: Unable to find inner node Pak for hierarchical cache Hierarchy.
[2024.12.26-06.00.47:172][  0]LogDerivedDataCache: FDerivedDataBackendGraph:  CompressedPak pak cache file ../../../../../../Users/hkh22/Documents/GitHub/UnrealProjectL4D2/Unreal_R4D2_Copy/DerivedDataCache/Compressed.ddp not found, will not use a pak cache.
[2024.12.26-06.00.47:172][  0]LogDerivedDataCache: Unable to find inner node CompressedPak for hierarchical cache Hierarchy.
[2024.12.26-06.00.47:187][  0]LogDerivedDataCache: Display: Pak cache opened for reading ../../../Engine/DerivedDataCache/Compressed.ddp.
[2024.12.26-06.00.47:187][  0]LogDerivedDataCache: FDerivedDataBackendGraph:  EnterprisePak pak cache file ../../../Enterprise/DerivedDataCache/Compressed.ddp not found, will not use a pak cache.
[2024.12.26-06.00.47:187][  0]LogDerivedDataCache: Unable to find inner node EnterprisePak for hierarchical cache Hierarchy.
[2024.12.26-06.00.47:205][  0]LogDerivedDataCache: Speed tests for C:/Users/hkh22/AppData/Local/UnrealEngine/Common/DerivedDataCache took 0.02 seconds
[2024.12.26-06.00.47:205][  0]LogDerivedDataCache: Display: Performance to C:/Users/hkh22/AppData/Local/UnrealEngine/Common/DerivedDataCache: Latency=0.01ms. RandomReadSpeed=1642.85MBs, RandomWriteSpeed=52.81MBs. Assigned SpeedClass 'Local'
[2024.12.26-06.00.47:206][  0]LogDerivedDataCache: Using Local data cache path C:/Users/hkh22/AppData/Local/UnrealEngine/Common/DerivedDataCache: Writable
[2024.12.26-06.00.47:206][  0]LogDerivedDataCache: Shared data cache path not found in *engine.ini, will not use an Shared cache.
[2024.12.26-06.00.47:206][  0]LogDerivedDataCache: Unable to find inner node Shared for hierarchical cache Hierarchy.
[2024.12.26-06.00.47:245][  0]LogSlate: Using FreeType 2.10.0
[2024.12.26-06.00.47:245][  0]LogSlate: SlateFontServices - WITH_FREETYPE: 1, WITH_HARFBUZZ: 1
[2024.12.26-06.00.47:265][  0]LogAssetRegistry: FAssetRegistry took 0.0023 seconds to start up
[2024.12.26-06.00.47:454][  0]LogInit: Selected Device Profile: [Windows]
[2024.12.26-06.00.47:454][  0]LogInit: Active device profile: [000001AD772BB800][000001AD6B5FB400 49] Windows
[2024.12.26-06.00.47:454][  0]LogInit: Profiles: [000001AD772BB800][000001AD6B5FB400 49] Windows, [000001AD77264900][000001AD6B739580 49] WindowsNoEditor, [000001AD772B8A00][000001AD6B73D700 49] WindowsServer, [000001AD77267100][000001AD76823880 49] WindowsClient, [000001AD772BB000][000001AD77D3BA00 49] IOS, [000001AD77265200][000001AD76827B80 49] iPadAir, [000001AD772B9100][000001AD7682A180 49] iPadAir2, [000001AD771E8200][000001AD78132440 49] IPadPro, [000001AD771D7F00][000001AD7812A480 49] iPadAir3, [000001AD772BAC00][000001AD78146600 49] iPadAir4, [000001AD771D4F00][000001AD7814A780 49] iPadMini2, [000001AD772B9400][000001AD77B66900 49] iPadMini3, [000001AD771D6C00][000001AD6B734A40 49] iPadMini4, [000001AD772BA500][000001AD77B76B80 49] iPadMini5, [000001AD77266B00][000001AD6C6DCDC0 49] iPhone6, [000001AD77266A00][000001AD77B7AE00 49] iPodTouch6, [000001AD771D5100][000001AD6C6E90C0 49] iPhone7, [000001AD771D5200][000001AD6C6E5100 49] iPodTouch7, [000001AD77267800][000001AD6C6ED280 49] iPhone5S, [000001AD771D4300][000001AD6B5AB400 49] iPhone6Plus, [000001AD77265F00][000001AD6B5AF580 49] iPhone6S, [000001AD771D7600][000001AD6B5B3700 49] iPhone6SPlus, [000001AD77265100][000001AD6B5B7880 49] iPhone7Plus, [000001AD771D7D00][000001AD6B5BBA00 49] iPhoneSE, [000001AD77265800][000001AD6B5BFB80 49] iPhone8, [000001AD771D6A00][000001AD6B5C2180 49] iPhone8Plus, [000001AD77266700][000001AD6B5DA300 49] iPhoneX, [000001AD771D5000][000001AD6B5E6480 49] iPhoneXS, [000001AD77267200][000001AD6B5EA600 49] iPhoneXSMax, [000001AD771D7500][000001AD6B5EE780 49] iPhoneXR, [000001AD77264400][000001AD6B5F2900 49] iPhone11, [000001AD771D6100][000001AD6B5F6A80 49] iPhone11Pro, [000001AD77264600][000001AD6C6E0BC0 49] iPhone11ProMax, [000001AD771D7E00][000001AD77C3ED00 49] iPhoneSE2, [000001AD77264A00][000001AD77C46E40 49] iPhone12Mini, [000001AD771D6D00][000001AD6B00CF80 49] iPhone12, [000001AD77265700][000001AD6B015100 49] iPhone12Pro, [000001AD771D5400][000001AD77C43280 49] iPhone12ProMax, [000001AD77265300][000001AD77C3B400 49] iPadPro105, [000001AD771D6300][000001AD6B019580 49] iPadPro129, [000001AD77265900][000001AD6B029700 49] iPadPro97, [000001AD771D5E00][000001AD6B717880 49] iPadPro2_129, [000001AD77266D00][000001AD6B71BA00 49] iPad5, [000001AD771D5600][000001AD6B71FB80 49] iPad6, [000001AD77265A00][000001AD6B722180 49] iPad7, [000001AD771D5700][000001AD6B726300 49] iPad8, [000001AD77266100][000001AD6B72A480 49] iPadPro11, [000001AD771D5900][000001AD6B72E600 49] iPadPro2_11, [000001AD77267B00][000001AD6C724780 49] iPadPro3_129, [000001AD771D5D00][000001AD6C728900 49] iPadPro4_129, [000001AD77267700][000001AD6C72CA80 49] AppleTV, [000001AD771D6900][000001AD6C730C00 49] AppleTV4K, [000001AD77266200][000001AD6B010D40 49] TVOS, [000001AD771D6400][000001AD78136E80 49] Mac, [000001AD77266800][000001AD7812EFC0 49] MacClient, [000001AD771D4800][000001AD6B741100 49] MacNoEditor, [000001AD77267E00][000001AD7676F280 49] MacServer, [000001AD771D7100][000001AD6C735400 49] Linux, [000001AD77265D00][000001AD6C739580 49] LinuxAArch64, [000001AD771D4100][000001AD6C73D700 49] LinuxNoEditor, [000001AD77305D00][000001AD6C741880 49] LinuxAArch64NoEditor, [000001AD771EB800][000001AD6C745A00 49] LinuxClient, [000001AD77305600][000001AD6C749B80 49] LinuxAArch64Client, [000001AD771E8600][000001AD6C74C180 49] LinuxServer, [000001AD77306000][000001AD780EA300 49] LinuxAArch64Server, [000001AD771E8F00][000001AD780EE480 49] Android, [000001AD77304300][000001AD780F2600 49] Android_Low, [000001AD771EAA00][000001AD780F6780 49] Android_Mid, [000001AD77305400][000001AD780FA900 49] Android_High, [000001AD771E9A00][000001AD780FEA80 49] Android_Default, [000001AD77305000][000001AD78102C00 49] Android_Adreno4xx, [000001AD771E8D00][000001AD78106D80 49] Android_Adreno5xx_Low, [000001AD77305100][000001AD7810AF00 49] Android_Adreno5xx, [000001AD771E9800][000001AD7676B040 49] Android_Adreno6xx, [000001AD77304900][000001AD7810F180 49] Android_Adreno6xx_Vulkan, [000001AD771EB000][000001AD781132C0 49] Android_Mali_T6xx, [000001AD77306100][000001AD7811B440 49] Android_Mali_T7xx, [000001AD771EA100][000001AD7811F5C0 49] Android_Mali_T8xx, [000001AD77304500][000001AD78123740 49] Android_Mali_G71, [000001AD771EBA00][000001AD77B7F8C0 49] Android_Mali_G72, [000001AD77305200][000001AD77B83A40 49] Android_Mali_G72_Vulkan, [000001AD771E9D00][000001AD77B87BC0 49] Android_Mali_G76, [000001AD77304E00][000001AD77B8A1C0 49] Android_Mali_G76_Vulkan, [000001AD771E8A00][000001AD77B8E340 49] Android_Mali_G77, [000001AD771D7000][000001AD77B924C0 49] Android_Mali_G77_Vulkan, [000001AD77265500][000001AD77B96640 49] Android_Mali_G78, [000001AD771D4A00][000001AD77B9A7C0 49] Android_Mali_G78_Vulkan, [000001AD77264E00][000001AD77B9E940 49] Android_Mali_G710, [000001AD771D4700][000001AD77BA2AC0 49] Android_Mali_G710_Vulkan, [000001AD77264F00][000001AD77BA6C40 49] Android_Vulkan_SM5, [000001AD771D6B00][000001AD77BAADC0 49] Android_PowerVR_G6xxx, [000001AD77265400][000001AD77BAEF40 49] Android_PowerVR_GT7xxx, [000001AD771D6500][000001AD77BB30C0 49] Android_PowerVR_GE8xxx, [000001AD77266600][000001AD78117200 49] Android_PowerVR_GM9xxx, [000001AD771D4D00][000001AD77BB7340 49] Android_PowerVR_GM9xxx_Vulkan, [000001AD77267A00][000001AD77BBB480 49] Android_TegraK1, [000001AD77306400][000001AD77BBF5C0 49] Android_Unknown_Vulkan, [000001AD77264100][000001AD77BC7740 49] Lumin, [000001AD77304700][000001AD77BCB8C0 49] Lumin_Desktop, [000001AD77266400][000001AD77BCFA40 49] HoloLens, 
[2024.12.26-06.00.47:553][  0]LogMeshReduction: Using QuadricMeshReduction for automatic static mesh reduction
[2024.12.26-06.00.47:553][  0]LogMeshReduction: Using SimplygonMeshReduction for automatic skeletal mesh reduction
[2024.12.26-06.00.47:553][  0]LogMeshReduction: Using ProxyLODMeshReduction for automatic mesh merging
[2024.12.26-06.00.47:553][  0]LogMeshReduction: No distributed automatic mesh merging module available
[2024.12.26-06.00.47:553][  0]LogMeshMerging: No distributed automatic mesh merging module available
[2024.12.26-06.00.47:565][  0]LogNetVersion: Unreal_R4D2_Copy 1.0.0, NetCL: 17155196, EngineNetVer: 17, GameNetVer: 0 (Checksum: 1445133)
[2024.12.26-06.00.47:881][  0]LogTexture: Default maximum texture size for cubemaps generated from long-lat sources has been changed from 512 to unlimited. In order to preserve old behaiour for '/Engine/MapTemplates/Sky/DaylightAmbientCubemap.DaylightAmbientCubemap', its maximum texture size has been explicitly set to 512.
[2024.12.26-06.00.47:930][  0]LogHMD: PokeAHoleMaterial loaded successfully
[2024.12.26-06.00.47:934][  0]LogUObjectArray: 17178 objects as part of root set at end of initial load.
[2024.12.26-06.00.47:934][  0]LogUObjectAllocator: 4302048 out of 0 bytes used by permanent object pool.
[2024.12.26-06.00.47:934][  0]LogUObjectArray: CloseDisregardForGC: 0/0 objects in disregard for GC pool
[2024.12.26-06.00.48:189][  0]LogNiagaraDebuggerClient: Niagara Debugger Client Initialized | Session: 5B17C7B14C113B4C65ECE2AE4973FBFA | Instance: B280619E4B417219800CB6B93DCAE710 (DESKTOP-D9HVBCT-11736).
[2024.12.26-06.00.48:297][  0]LogPython: Using Python 3.7.7
[2024.12.26-06.00.48:704][  0]LogTcpMessaging: Initializing TcpMessaging bridge
[2024.12.26-06.00.48:709][  0]LogUdpMessaging: Initializing bridge on interface 0.0.0.0:0 to multicast group 230.0.0.1:6666.
[2024.12.26-06.00.48:924][  0]SourceControl: 소스 컨트롤이 꺼졌습니다.
[2024.12.26-06.00.48:925][  0]SourceControl: 소스 컨트롤이 꺼졌습니다.
[2024.12.26-06.00.48:931][  0]SourceControl: 소스 컨트롤이 꺼졌습니다.
[2024.12.26-06.00.48:937][  0]SourceControl: 소스 컨트롤이 꺼졌습니다.
[2024.12.26-06.00.48:951][  0]SourceControl: 소스 컨트롤이 꺼졌습니다.
[2024.12.26-06.00.49:066][  0]LogUProjectInfo: Found projects:
[2024.12.26-06.00.49:130][  0]LogOpenImageDenoise: OIDN starting up
[2024.12.26-06.00.49:157][  0]LogAndroidPermission: UAndroidPermissionCallbackProxy::GetInstance
[2024.12.26-06.00.49:171][  0]LogAudioCaptureCore: Display: No Audio Capture implementations found. Audio input will be silent.
[2024.12.26-06.00.49:171][  0]LogAudioCaptureCore: Display: No Audio Capture implementations found. Audio input will be silent.
[2024.12.26-06.00.49:286][  0]LogCollectionManager: Loaded 0 collections in 0.001178 seconds
[2024.12.26-06.00.49:309][  0]LogFileCache: Scanning file cache for directory 'C:/Users/hkh22/Documents/GitHub/UnrealProjectL4D2/Unreal_R4D2_Copy/Saved/Collections/' took 0.00s
[2024.12.26-06.00.49:309][  0]LogFileCache: Scanning file cache for directory 'C:/Users/hkh22/Documents/GitHub/UnrealProjectL4D2/Unreal_R4D2_Copy/Content/Developers/hkh22/Collections/' took 0.00s
[2024.12.26-06.00.49:309][  0]LogFileCache: Scanning file cache for directory 'C:/Users/hkh22/Documents/GitHub/UnrealProjectL4D2/Unreal_R4D2_Copy/Content/Collections/' took 0.00s
[2024.12.26-06.00.49:309][  0]LogOcInput: OculusInput pre-init called
[2024.12.26-06.00.49:504][  0]LogEngine: Initializing Engine...
[2024.12.26-06.00.49:506][  0]LogHMD: Failed to enumerate extensions. Please check that you have a valid OpenXR runtime installed.
[2024.12.26-06.00.49:506][  0]LogHMD: Failed to initialize OpenVR with code 110
[2024.12.26-06.00.49:506][  0]LogMagicLeap: Warning: VR disabled because ZI is not enabled.  To enable, in the editor, Edit -> Project Settings -> Plugins -> Magic Leap Plugin -> Enable Zero Iteration
[2024.12.26-06.00.49:507][  0]LogStats: UGameplayTagsManager::InitializeManager -  0.000 s
[2024.12.26-06.00.49:591][  0]LogInit: Initializing FReadOnlyCVARCache
[2024.12.26-06.00.49:599][  0]LogAIModule: Creating AISystem for world Untitled
[2024.12.26-06.00.49:620][  0]LogAudio: Display: Initializing Audio Device Manager...
[2024.12.26-06.00.49:624][  0]LogAudio: Display: Loading Default Audio Settings Objects...
[2024.12.26-06.00.49:624][  0]LogAudio: Display: No default SoundConcurrencyObject specified (or failed to load).
[2024.12.26-06.00.49:625][  0]LogAudio: Display: Audio Device Manager Initialized
[2024.12.26-06.00.49:625][  0]LogAudio: Display: Creating Audio Device:                 Id: 1, Scope: Shared, Realtime: True
[2024.12.26-06.00.49:625][  0]LogAudioMixer: Display: Audio Mixer Platform Settings:
[2024.12.26-06.00.49:625][  0]LogAudioMixer: Display: 	Sample Rate:						  48000
[2024.12.26-06.00.49:625][  0]LogAudioMixer: Display: 	Callback Buffer Frame Size Requested: 1024
[2024.12.26-06.00.49:625][  0]LogAudioMixer: Display: 	Callback Buffer Frame Size To Use:	  1024
[2024.12.26-06.00.49:625][  0]LogAudioMixer: Display: 	Number of buffers to queue:			  2
[2024.12.26-06.00.49:625][  0]LogAudioMixer: Display: 	Max Channels (voices):				  32
[2024.12.26-06.00.49:625][  0]LogAudioMixer: Display: 	Number of Async Source Workers:		  0
[2024.12.26-06.00.49:625][  0]LogAudio: Display: AudioDevice MaxSources: 32
[2024.12.26-06.00.49:625][  0]LogAudio: Display: Audio Spatialization Plugin: None (built-in).
[2024.12.26-06.00.49:625][  0]LogAudio: Display: Audio Reverb Plugin: None (built-in).
[2024.12.26-06.00.49:625][  0]LogAudio: Display: Audio Occlusion Plugin: None (built-in).
[2024.12.26-06.00.49:625][  0]LogAudioMixer: Display: Initializing audio mixer.
[2024.12.26-06.00.49:636][  0]LogAudioMixer: Display: 0: FrontLeft
[2024.12.26-06.00.49:636][  0]LogAudioMixer: Display: 1: FrontRight
[2024.12.26-06.00.49:681][  0]LogAudioMixer: Display: Using Audio Device 스피커(Realtek(R) Audio)
[2024.12.26-06.00.49:681][  0]LogAudioMixer: Display: Initializing Sound Submixes...
[2024.12.26-06.00.49:683][  0]LogAudioMixer: Display: Creating Master Submix 'MasterSubmixDefault'
[2024.12.26-06.00.49:683][  0]LogAudioMixer: Display: Creating Master Submix 'MasterReverbSubmixDefault'
[2024.12.26-06.00.49:683][  0]LogAudioMixer: Display: Creating Master Submix 'MasterEQSubmixDefault'
[2024.12.26-06.00.49:683][  0]LogAudioMixer: FMixerPlatformXAudio2::StartAudioStream() called
[2024.12.26-06.00.49:683][  0]LogAudioMixer: Display: Output buffers initialized: Frames=1024, Channels=2, Samples=2048
[2024.12.26-06.00.49:684][  0]LogAudioMixer: Display: Starting AudioMixerPlatformInterface::RunInternal()
[2024.12.26-06.00.49:684][  0]LogAudioMixer: Display: FMixerPlatformXAudio2::SubmitBuffer() called for the first time
[2024.12.26-06.00.49:684][  0]LogInit: FAudioDevice initialized.
[2024.12.26-06.00.49:685][  0]LogAudio: Display: Audio Device (ID: 1) registered with world 'Untitled'.
[2024.12.26-06.00.49:685][  0]LogNetVersion: Set ProjectVersion to 1.0.0.0. Version Checksum will be recalculated on next use.
[2024.12.26-06.00.49:729][  0]LogDerivedDataCache: Saved boot cache 0.04s 96MB C:/Users/hkh22/AppData/Local/UnrealEngine/4.27/DerivedDataCache/Boot.ddc.
[2024.12.26-06.00.49:729][  0]LogInit: Texture streaming: Enabled
[2024.12.26-06.00.49:740][  0]LogAnalytics: Display: [UEEditor.Rocket.Release] APIServer = https://datarouter.ol.epicgames.com/. AppVersion = 4.27.2-18319896+++UE4+Release-4.27
[2024.12.26-06.00.49:744][  0]LogEngineSessionManager: EngineSessionManager initialized
[2024.12.26-06.00.49:744][  0]LogEditorSessionSummary: Verbose: Initializing EditorSessionSummaryWriter for editor session tracking
[2024.12.26-06.00.49:745][  0]LogEditorSessionSummary: EditorSessionSummaryWriter initialized
[2024.12.26-06.00.49:772][  0]LogInit: Transaction tracking system initialized
[2024.12.26-06.00.49:791][  0]BlueprintLog: New page: 에디터 로드
[2024.12.26-06.00.49:843][  0]LocalizationService: 현지화 서비스가 비활성화되었습니다.
[2024.12.26-06.00.49:865][  0]TimingProfiler: Initialize
[2024.12.26-06.00.49:865][  0]TimingProfiler: OnSessionChanged
[2024.12.26-06.00.49:865][  0]LoadingProfiler: Initialize
[2024.12.26-06.00.49:865][  0]LoadingProfiler: OnSessionChanged
[2024.12.26-06.00.49:865][  0]NetworkingProfiler: Initialize
[2024.12.26-06.00.49:865][  0]NetworkingProfiler: OnSessionChanged
[2024.12.26-06.00.49:865][  0]MemoryProfiler: Initialize
[2024.12.26-06.00.49:865][  0]MemoryProfiler: OnSessionChanged
[2024.12.26-06.00.49:984][  0]LogCook: Display: CookSettings for Memory: MemoryMaxUsedVirtual 0MiB, MemoryMaxUsedPhysical 16384MiB, MemoryMinFreeVirtual 0MiB, MemoryMinFreePhysical 1024MiB
[2024.12.26-06.00.49:984][  0]LogCook: Display: Mobile HDR setting 1
[2024.12.26-06.00.50:151][  0]LogFileCache: Scanning file cache for directory 'C:/Users/hkh22/Documents/GitHub/UnrealProjectL4D2/Unreal_R4D2_Copy/Content/' took 0.01s
[2024.12.26-06.00.50:298][  0]LogInit: Display: Engine is initialized. Leaving FEngineLoop::Init()
[2024.12.26-06.00.50:300][  0]SourceControl: 소스 컨트롤이 꺼졌습니다.
[2024.12.26-06.00.50:300][  0]LogUnrealEdMisc: Loading editor; pre map load, took 5.623
[2024.12.26-06.00.50:301][  0]Cmd: MAP LOAD FILE="../../../../../../Users/hkh22/Documents/GitHub/UnrealProjectL4D2/Unreal_R4D2_Copy/Content/Maps/Zombie.umap" TEMPLATE=0 SHOWPROGRESS=1 FEATURELEVEL=3
[2024.12.26-06.00.50:301][  0]LightingResults: New page: 라이팅 빌드
[2024.12.26-06.00.50:303][  0]LogWorld: UWorld::CleanupWorld for Untitled, bSessionEnded=true, bCleanupResources=true
[2024.12.26-06.00.50:303][  0]LogSlate: InvalidateAllWidgets triggered.  All widgets were invalidated
[2024.12.26-06.00.50:303][  0]MapCheck: New page: 맵 체크
[2024.12.26-06.00.50:303][  0]LightingResults: New page: 라이팅 빌드
[2024.12.26-06.00.50:308][  0]LogAudio: Display: Audio Device unregistered from world 'None'.
[2024.12.26-06.00.50:310][  0]LogUObjectHash: Compacting FUObjectHashTables data took   0.70ms
[2024.12.26-06.00.50:373][  0]LogAudio: Display: Audio Device (ID: 1) registered with world 'Zombie'.
[2024.12.26-06.00.50:374][  0]LogAIModule: Creating AISystem for world Zombie
[2024.12.26-06.00.50:378][  0]LogEditorServer: Finished looking for orphan Actors (0.000 secs)
[2024.12.26-06.00.50:385][  0]LogUObjectHash: Compacting FUObjectHashTables data took   0.75ms
[2024.12.26-06.00.50:385][  0]Cmd: MAP CHECKDEP NOCLEARLOG
[2024.12.26-06.00.50:386][  0]MapCheck: 맵 체크 완료: 오류 0 회, 경고 0 회, 소요 시간 0.155ms.
[2024.12.26-06.00.50:386][  0]LogFileHelpers: Loading map 'Zombie' took 0.085
[2024.12.26-06.00.50:387][  0]LogUnrealEdMisc: Total Editor Startup Time, took 5.710
[2024.12.26-06.00.50:449][  0]LogWindowsTextInputMethodSystem: Display: IME system activated using TSF (Microsoft 입력기).
[2024.12.26-06.00.50:480][  0]LogSlate: Updating window title bar state: overlay mode, drag disabled, window buttons hidden, title bar hidden
[2024.12.26-06.00.50:485][  0]LogSlate: Updating window title bar state: overlay mode, drag disabled, window buttons hidden, title bar hidden
[2024.12.26-06.00.50:489][  0]LogSlate: Updating window title bar state: overlay mode, drag disabled, window buttons hidden, title bar hidden
[2024.12.26-06.00.50:494][  0]LogSlate: Updating window title bar state: overlay mode, drag disabled, window buttons hidden, title bar hidden
[2024.12.26-06.00.50:514][  0]LogNativeClassHierarchy: Verbose: Native class hierarchy populated in 0.0106 seconds. Added 3827 classes and 930 folders.
[2024.12.26-06.00.50:516][  0]LogNativeClassHierarchy: Verbose: Native class hierarchy updated for 'WidgetCarousel' in 0.0003 seconds. Added 0 classes and 0 folders.
[2024.12.26-06.00.50:517][  0]LogPakFile: PakFile PrimaryIndexSize=187
[2024.12.26-06.00.50:517][  0]LogPakFile: PakFile PathHashIndexSize=101
[2024.12.26-06.00.50:517][  0]LogPakFile: PakFile FullDirectoryIndexSize=148
[2024.12.26-06.00.50:517][  0]LogShaderLibrary: Display: ShaderCodeLibraryPakFileMountedCallback: PakFile 'C:/Program Files/Epic Games/UE_4.27/FeaturePacks/FP_FirstPerson.upack' (chunk index -1, root 'root:/') mounted
[2024.12.26-06.00.50:517][  0]LogShaderLibrary: Display: ShaderCodeLibraryPakFileMountedCallback: pending pak file info (ChunkID:-1 Root:root:/ File:C:/Program Files/Epic Games/UE_4.27/FeaturePacks/FP_FirstPerson.upack)
[2024.12.26-06.00.50:517][  0]LogPakFile: OnPakFileMounted2Time == 0.000048
[2024.12.26-06.00.50:519][  0]LogPakFile: PakFile PrimaryIndexSize=189
[2024.12.26-06.00.50:519][  0]LogPakFile: PakFile PathHashIndexSize=101
[2024.12.26-06.00.50:519][  0]LogPakFile: PakFile FullDirectoryIndexSize=152
[2024.12.26-06.00.50:519][  0]LogShaderLibrary: Display: ShaderCodeLibraryPakFileMountedCallback: PakFile 'C:/Program Files/Epic Games/UE_4.27/FeaturePacks/FP_FirstPersonBP.upack' (chunk index -1, root 'root:/') mounted
[2024.12.26-06.00.50:519][  0]LogShaderLibrary: Display: ShaderCodeLibraryPakFileMountedCallback: pending pak file info (ChunkID:-1 Root:root:/ File:C:/Program Files/Epic Games/UE_4.27/FeaturePacks/FP_FirstPersonBP.upack)
[2024.12.26-06.00.50:519][  0]LogPakFile: OnPakFileMounted2Time == 0.000029
[2024.12.26-06.00.50:519][  0]LogPakFile: PakFile PrimaryIndexSize=191
[2024.12.26-06.00.50:519][  0]LogPakFile: PakFile PathHashIndexSize=101
[2024.12.26-06.00.50:519][  0]LogPakFile: PakFile FullDirectoryIndexSize=160
[2024.12.26-06.00.50:519][  0]LogShaderLibrary: Display: ShaderCodeLibraryPakFileMountedCallback: PakFile 'C:/Program Files/Epic Games/UE_4.27/FeaturePacks/MobileStarterContent.upack' (chunk index -1, root 'root:/') mounted
[2024.12.26-06.00.50:519][  0]LogShaderLibrary: Display: ShaderCodeLibraryPakFileMountedCallback: pending pak file info (ChunkID:-1 Root:root:/ File:C:/Program Files/Epic Games/UE_4.27/FeaturePacks/MobileStarterContent.upack)
[2024.12.26-06.00.50:519][  0]LogPakFile: OnPakFileMounted2Time == 0.000029
[2024.12.26-06.00.50:519][  0]LogPakFile: PakFile PrimaryIndexSize=185
[2024.12.26-06.00.50:519][  0]LogPakFile: PakFile PathHashIndexSize=101
[2024.12.26-06.00.50:519][  0]LogPakFile: PakFile FullDirectoryIndexSize=148
[2024.12.26-06.00.50:519][  0]LogShaderLibrary: Display: ShaderCodeLibraryPakFileMountedCallback: PakFile 'C:/Program Files/Epic Games/UE_4.27/FeaturePacks/StarterContent.upack' (chunk index -1, root 'root:/') mounted
[2024.12.26-06.00.50:519][  0]LogShaderLibrary: Display: ShaderCodeLibraryPakFileMountedCallback: pending pak file info (ChunkID:-1 Root:root:/ File:C:/Program Files/Epic Games/UE_4.27/FeaturePacks/StarterContent.upack)
[2024.12.26-06.00.50:519][  0]LogPakFile: OnPakFileMounted2Time == 0.000027
[2024.12.26-06.00.50:520][  0]LogPakFile: PakFile PrimaryIndexSize=190
[2024.12.26-06.00.50:520][  0]LogPakFile: PakFile PathHashIndexSize=101
[2024.12.26-06.00.50:520][  0]LogPakFile: PakFile FullDirectoryIndexSize=154
[2024.12.26-06.00.50:520][  0]LogShaderLibrary: Display: ShaderCodeLibraryPakFileMountedCallback: PakFile 'C:/Program Files/Epic Games/UE_4.27/FeaturePacks/TP_2DSideScroller.upack' (chunk index -1, root 'root:/') mounted
[2024.12.26-06.00.50:520][  0]LogShaderLibrary: Display: ShaderCodeLibraryPakFileMountedCallback: pending pak file info (ChunkID:-1 Root:root:/ File:C:/Program Files/Epic Games/UE_4.27/FeaturePacks/TP_2DSideScroller.upack)
[2024.12.26-06.00.50:520][  0]LogPakFile: OnPakFileMounted2Time == 0.000027
[2024.12.26-06.00.50:520][  0]LogPakFile: PakFile PrimaryIndexSize=192
[2024.12.26-06.00.50:520][  0]LogPakFile: PakFile PathHashIndexSize=101
[2024.12.26-06.00.50:520][  0]LogPakFile: PakFile FullDirectoryIndexSize=158
[2024.12.26-06.00.50:520][  0]LogShaderLibrary: Display: ShaderCodeLibraryPakFileMountedCallback: PakFile 'C:/Program Files/Epic Games/UE_4.27/FeaturePacks/TP_2DSideScrollerBP.upack' (chunk index -1, root 'root:/') mounted
[2024.12.26-06.00.50:520][  0]LogShaderLibrary: Display: ShaderCodeLibraryPakFileMountedCallback: pending pak file info (ChunkID:-1 Root:root:/ File:C:/Program Files/Epic Games/UE_4.27/FeaturePacks/TP_2DSideScrollerBP.upack)
[2024.12.26-06.00.50:520][  0]LogPakFile: OnPakFileMounted2Time == 0.000025
[2024.12.26-06.00.50:520][  0]LogPakFile: PakFile PrimaryIndexSize=182
[2024.12.26-06.00.50:520][  0]LogPakFile: PakFile PathHashIndexSize=101
[2024.12.26-06.00.50:520][  0]LogPakFile: PakFile FullDirectoryIndexSize=138
[2024.12.26-06.00.50:520][  0]LogShaderLibrary: Display: ShaderCodeLibraryPakFileMountedCallback: PakFile 'C:/Program Files/Epic Games/UE_4.27/FeaturePacks/TP_Flying.upack' (chunk index -1, root 'root:/') mounted
[2024.12.26-06.00.50:520][  0]LogShaderLibrary: Display: ShaderCodeLibraryPakFileMountedCallback: pending pak file info (ChunkID:-1 Root:root:/ File:C:/Program Files/Epic Games/UE_4.27/FeaturePacks/TP_Flying.upack)
[2024.12.26-06.00.50:520][  0]LogPakFile: OnPakFileMounted2Time == 0.000027
[2024.12.26-06.00.50:521][  0]LogPakFile: PakFile PrimaryIndexSize=184
[2024.12.26-06.00.50:521][  0]LogPakFile: PakFile PathHashIndexSize=101
[2024.12.26-06.00.50:521][  0]LogPakFile: PakFile FullDirectoryIndexSize=142
[2024.12.26-06.00.50:521][  0]LogShaderLibrary: Display: ShaderCodeLibraryPakFileMountedCallback: PakFile 'C:/Program Files/Epic Games/UE_4.27/FeaturePacks/TP_FlyingBP.upack' (chunk index -1, root 'root:/') mounted
[2024.12.26-06.00.50:521][  0]LogShaderLibrary: Display: ShaderCodeLibraryPakFileMountedCallback: pending pak file info (ChunkID:-1 Root:root:/ File:C:/Program Files/Epic Games/UE_4.27/FeaturePacks/TP_FlyingBP.upack)
[2024.12.26-06.00.50:521][  0]LogPakFile: OnPakFileMounted2Time == 0.000025
[2024.12.26-06.00.50:521][  0]LogPakFile: PakFile PrimaryIndexSize=188
[2024.12.26-06.00.50:521][  0]LogPakFile: PakFile PathHashIndexSize=101
[2024.12.26-06.00.50:521][  0]LogPakFile: PakFile FullDirectoryIndexSize=150
[2024.12.26-06.00.50:521][  0]LogShaderLibrary: Display: ShaderCodeLibraryPakFileMountedCallback: PakFile 'C:/Program Files/Epic Games/UE_4.27/FeaturePacks/TP_HandheldARBP.upack' (chunk index -1, root 'root:/') mounted
[2024.12.26-06.00.50:521][  0]LogShaderLibrary: Display: ShaderCodeLibraryPakFileMountedCallback: pending pak file info (ChunkID:-1 Root:root:/ File:C:/Program Files/Epic Games/UE_4.27/FeaturePacks/TP_HandheldARBP.upack)
[2024.12.26-06.00.50:521][  0]LogPakFile: OnPakFileMounted2Time == 0.000024
[2024.12.26-06.00.50:521][  0]LogPakFile: PakFile PrimaryIndexSize=182
[2024.12.26-06.00.50:522][  0]LogPakFile: PakFile PathHashIndexSize=101
[2024.12.26-06.00.50:522][  0]LogPakFile: PakFile FullDirectoryIndexSize=138
[2024.12.26-06.00.50:522][  0]LogShaderLibrary: Display: ShaderCodeLibraryPakFileMountedCallback: PakFile 'C:/Program Files/Epic Games/UE_4.27/FeaturePacks/TP_Puzzle.upack' (chunk index -1, root 'root:/') mounted
[2024.12.26-06.00.50:522][  0]LogShaderLibrary: Display: ShaderCodeLibraryPakFileMountedCallback: pending pak file info (ChunkID:-1 Root:root:/ File:C:/Program Files/Epic Games/UE_4.27/FeaturePacks/TP_Puzzle.upack)
[2024.12.26-06.00.50:522][  0]LogPakFile: OnPakFileMounted2Time == 0.000038
[2024.12.26-06.00.50:522][  0]LogPakFile: PakFile PrimaryIndexSize=184
[2024.12.26-06.00.50:522][  0]LogPakFile: PakFile PathHashIndexSize=101
[2024.12.26-06.00.50:522][  0]LogPakFile: PakFile FullDirectoryIndexSize=142
[2024.12.26-06.00.50:522][  0]LogShaderLibrary: Display: ShaderCodeLibraryPakFileMountedCallback: PakFile 'C:/Program Files/Epic Games/UE_4.27/FeaturePacks/TP_PuzzleBP.upack' (chunk index -1, root 'root:/') mounted
[2024.12.26-06.00.50:522][  0]LogShaderLibrary: Display: ShaderCodeLibraryPakFileMountedCallback: pending pak file info (ChunkID:-1 Root:root:/ File:C:/Program Files/Epic Games/UE_4.27/FeaturePacks/TP_PuzzleBP.upack)
[2024.12.26-06.00.50:522][  0]LogPakFile: OnPakFileMounted2Time == 0.000027
[2024.12.26-06.00.50:522][  0]LogPakFile: PakFile PrimaryIndexSize=183
[2024.12.26-06.00.50:522][  0]LogPakFile: PakFile PathHashIndexSize=101
[2024.12.26-06.00.50:522][  0]LogPakFile: PakFile FullDirectoryIndexSize=140
[2024.12.26-06.00.50:522][  0]LogShaderLibrary: Display: ShaderCodeLibraryPakFileMountedCallback: PakFile 'C:/Program Files/Epic Games/UE_4.27/FeaturePacks/TP_Rolling.upack' (chunk index -1, root 'root:/') mounted
[2024.12.26-06.00.50:522][  0]LogShaderLibrary: Display: ShaderCodeLibraryPakFileMountedCallback: pending pak file info (ChunkID:-1 Root:root:/ File:C:/Program Files/Epic Games/UE_4.27/FeaturePacks/TP_Rolling.upack)
[2024.12.26-06.00.50:522][  0]LogPakFile: OnPakFileMounted2Time == 0.000025
[2024.12.26-06.00.50:522][  0]LogPakFile: PakFile PrimaryIndexSize=185
[2024.12.26-06.00.50:523][  0]LogPakFile: PakFile PathHashIndexSize=101
[2024.12.26-06.00.50:523][  0]LogPakFile: PakFile FullDirectoryIndexSize=144
[2024.12.26-06.00.50:523][  0]LogShaderLibrary: Display: ShaderCodeLibraryPakFileMountedCallback: PakFile 'C:/Program Files/Epic Games/UE_4.27/FeaturePacks/TP_RollingBP.upack' (chunk index -1, root 'root:/') mounted
[2024.12.26-06.00.50:523][  0]LogShaderLibrary: Display: ShaderCodeLibraryPakFileMountedCallback: pending pak file info (ChunkID:-1 Root:root:/ File:C:/Program Files/Epic Games/UE_4.27/FeaturePacks/TP_RollingBP.upack)
[2024.12.26-06.00.50:523][  0]LogPakFile: OnPakFileMounted2Time == 0.000025
[2024.12.26-06.00.50:523][  0]LogPakFile: PakFile PrimaryIndexSize=188
[2024.12.26-06.00.50:523][  0]LogPakFile: PakFile PathHashIndexSize=101
[2024.12.26-06.00.50:523][  0]LogPakFile: PakFile FullDirectoryIndexSize=150
[2024.12.26-06.00.50:523][  0]LogShaderLibrary: Display: ShaderCodeLibraryPakFileMountedCallback: PakFile 'C:/Program Files/Epic Games/UE_4.27/FeaturePacks/TP_SideScroller.upack' (chunk index -1, root 'root:/') mounted
[2024.12.26-06.00.50:523][  0]LogShaderLibrary: Display: ShaderCodeLibraryPakFileMountedCallback: pending pak file info (ChunkID:-1 Root:root:/ File:C:/Program Files/Epic Games/UE_4.27/FeaturePacks/TP_SideScroller.upack)
[2024.12.26-06.00.50:523][  0]LogPakFile: OnPakFileMounted2Time == 0.000026
[2024.12.26-06.00.50:523][  0]LogPakFile: PakFile PrimaryIndexSize=190
[2024.12.26-06.00.50:523][  0]LogPakFile: PakFile PathHashIndexSize=101
[2024.12.26-06.00.50:523][  0]LogPakFile: PakFile FullDirectoryIndexSize=154
[2024.12.26-06.00.50:523][  0]LogShaderLibrary: Display: ShaderCodeLibraryPakFileMountedCallback: PakFile 'C:/Program Files/Epic Games/UE_4.27/FeaturePacks/TP_SideScrollerBP.upack' (chunk index -1, root 'root:/') mounted
[2024.12.26-06.00.50:523][  0]LogShaderLibrary: Display: ShaderCodeLibraryPakFileMountedCallback: pending pak file info (ChunkID:-1 Root:root:/ File:C:/Program Files/Epic Games/UE_4.27/FeaturePacks/TP_SideScrollerBP.upack)
[2024.12.26-06.00.50:523][  0]LogPakFile: OnPakFileMounted2Time == 0.000024
[2024.12.26-06.00.50:523][  0]LogPakFile: PakFile PrimaryIndexSize=187
[2024.12.26-06.00.50:524][  0]LogPakFile: PakFile PathHashIndexSize=101
[2024.12.26-06.00.50:524][  0]LogPakFile: PakFile FullDirectoryIndexSize=148
[2024.12.26-06.00.50:524][  0]LogShaderLibrary: Display: ShaderCodeLibraryPakFileMountedCallback: PakFile 'C:/Program Files/Epic Games/UE_4.27/FeaturePacks/TP_ThirdPerson.upack' (chunk index -1, root 'root:/') mounted
[2024.12.26-06.00.50:524][  0]LogShaderLibrary: Display: ShaderCodeLibraryPakFileMountedCallback: pending pak file info (ChunkID:-1 Root:root:/ File:C:/Program Files/Epic Games/UE_4.27/FeaturePacks/TP_ThirdPerson.upack)
[2024.12.26-06.00.50:524][  0]LogPakFile: OnPakFileMounted2Time == 0.000027
[2024.12.26-06.00.50:524][  0]LogPakFile: PakFile PrimaryIndexSize=189
[2024.12.26-06.00.50:524][  0]LogPakFile: PakFile PathHashIndexSize=101
[2024.12.26-06.00.50:524][  0]LogPakFile: PakFile FullDirectoryIndexSize=152
[2024.12.26-06.00.50:524][  0]LogShaderLibrary: Display: ShaderCodeLibraryPakFileMountedCallback: PakFile 'C:/Program Files/Epic Games/UE_4.27/FeaturePacks/TP_ThirdPersonBP.upack' (chunk index -1, root 'root:/') mounted
[2024.12.26-06.00.50:524][  0]LogShaderLibrary: Display: ShaderCodeLibraryPakFileMountedCallback: pending pak file info (ChunkID:-1 Root:root:/ File:C:/Program Files/Epic Games/UE_4.27/FeaturePacks/TP_ThirdPersonBP.upack)
[2024.12.26-06.00.50:524][  0]LogPakFile: OnPakFileMounted2Time == 0.000025
[2024.12.26-06.00.50:524][  0]LogPakFile: PakFile PrimaryIndexSize=183
[2024.12.26-06.00.50:524][  0]LogPakFile: PakFile PathHashIndexSize=101
[2024.12.26-06.00.50:524][  0]LogPakFile: PakFile FullDirectoryIndexSize=140
[2024.12.26-06.00.50:524][  0]LogShaderLibrary: Display: ShaderCodeLibraryPakFileMountedCallback: PakFile 'C:/Program Files/Epic Games/UE_4.27/FeaturePacks/TP_TopDown.upack' (chunk index -1, root 'root:/') mounted
[2024.12.26-06.00.50:524][  0]LogShaderLibrary: Display: ShaderCodeLibraryPakFileMountedCallback: pending pak file info (ChunkID:-1 Root:root:/ File:C:/Program Files/Epic Games/UE_4.27/FeaturePacks/TP_TopDown.upack)
[2024.12.26-06.00.50:524][  0]LogPakFile: OnPakFileMounted2Time == 0.000032
[2024.12.26-06.00.50:524][  0]LogPakFile: PakFile PrimaryIndexSize=185
[2024.12.26-06.00.50:524][  0]LogPakFile: PakFile PathHashIndexSize=101
[2024.12.26-06.00.50:524][  0]LogPakFile: PakFile FullDirectoryIndexSize=144
[2024.12.26-06.00.50:525][  0]LogShaderLibrary: Display: ShaderCodeLibraryPakFileMountedCallback: PakFile 'C:/Program Files/Epic Games/UE_4.27/FeaturePacks/TP_TopDownBP.upack' (chunk index -1, root 'root:/') mounted
[2024.12.26-06.00.50:525][  0]LogShaderLibrary: Display: ShaderCodeLibraryPakFileMountedCallback: pending pak file info (ChunkID:-1 Root:root:/ File:C:/Program Files/Epic Games/UE_4.27/FeaturePacks/TP_TopDownBP.upack)
[2024.12.26-06.00.50:525][  0]LogPakFile: OnPakFileMounted2Time == 0.000025
[2024.12.26-06.00.50:525][  0]LogPakFile: PakFile PrimaryIndexSize=185
[2024.12.26-06.00.50:525][  0]LogPakFile: PakFile PathHashIndexSize=101
[2024.12.26-06.00.50:525][  0]LogPakFile: PakFile FullDirectoryIndexSize=144
[2024.12.26-06.00.50:525][  0]LogShaderLibrary: Display: ShaderCodeLibraryPakFileMountedCallback: PakFile 'C:/Program Files/Epic Games/UE_4.27/FeaturePacks/TP_TwinStick.upack' (chunk index -1, root 'root:/') mounted
[2024.12.26-06.00.50:525][  0]LogShaderLibrary: Display: ShaderCodeLibraryPakFileMountedCallback: pending pak file info (ChunkID:-1 Root:root:/ File:C:/Program Files/Epic Games/UE_4.27/FeaturePacks/TP_TwinStick.upack)
[2024.12.26-06.00.50:525][  0]LogPakFile: OnPakFileMounted2Time == 0.000025
[2024.12.26-06.00.50:525][  0]LogPakFile: PakFile PrimaryIndexSize=187
[2024.12.26-06.00.50:525][  0]LogPakFile: PakFile PathHashIndexSize=101
[2024.12.26-06.00.50:525][  0]LogPakFile: PakFile FullDirectoryIndexSize=148
[2024.12.26-06.00.50:525][  0]LogShaderLibrary: Display: ShaderCodeLibraryPakFileMountedCallback: PakFile 'C:/Program Files/Epic Games/UE_4.27/FeaturePacks/TP_TwinStickBP.upack' (chunk index -1, root 'root:/') mounted
[2024.12.26-06.00.50:525][  0]LogShaderLibrary: Display: ShaderCodeLibraryPakFileMountedCallback: pending pak file info (ChunkID:-1 Root:root:/ File:C:/Program Files/Epic Games/UE_4.27/FeaturePacks/TP_TwinStickBP.upack)
[2024.12.26-06.00.50:525][  0]LogPakFile: OnPakFileMounted2Time == 0.000025
[2024.12.26-06.00.50:525][  0]LogPakFile: PakFile PrimaryIndexSize=183
[2024.12.26-06.00.50:525][  0]LogPakFile: PakFile PathHashIndexSize=101
[2024.12.26-06.00.50:525][  0]LogPakFile: PakFile FullDirectoryIndexSize=140
[2024.12.26-06.00.50:525][  0]LogShaderLibrary: Display: ShaderCodeLibraryPakFileMountedCallback: PakFile 'C:/Program Files/Epic Games/UE_4.27/FeaturePacks/TP_Vehicle.upack' (chunk index -1, root 'root:/') mounted
[2024.12.26-06.00.50:525][  0]LogShaderLibrary: Display: ShaderCodeLibraryPakFileMountedCallback: pending pak file info (ChunkID:-1 Root:root:/ File:C:/Program Files/Epic Games/UE_4.27/FeaturePacks/TP_Vehicle.upack)
[2024.12.26-06.00.50:525][  0]LogPakFile: OnPakFileMounted2Time == 0.000024
[2024.12.26-06.00.50:526][  0]LogPakFile: PakFile PrimaryIndexSize=186
[2024.12.26-06.00.50:526][  0]LogPakFile: PakFile PathHashIndexSize=101
[2024.12.26-06.00.50:526][  0]LogPakFile: PakFile FullDirectoryIndexSize=146
[2024.12.26-06.00.50:526][  0]LogShaderLibrary: Display: ShaderCodeLibraryPakFileMountedCallback: PakFile 'C:/Program Files/Epic Games/UE_4.27/FeaturePacks/TP_VehicleAdv.upack' (chunk index -1, root 'root:/') mounted
[2024.12.26-06.00.50:526][  0]LogShaderLibrary: Display: ShaderCodeLibraryPakFileMountedCallback: pending pak file info (ChunkID:-1 Root:root:/ File:C:/Program Files/Epic Games/UE_4.27/FeaturePacks/TP_VehicleAdv.upack)
[2024.12.26-06.00.50:526][  0]LogPakFile: OnPakFileMounted2Time == 0.000025
[2024.12.26-06.00.50:526][  0]LogPakFile: PakFile PrimaryIndexSize=188
[2024.12.26-06.00.50:526][  0]LogPakFile: PakFile PathHashIndexSize=101
[2024.12.26-06.00.50:526][  0]LogPakFile: PakFile FullDirectoryIndexSize=150
[2024.12.26-06.00.50:526][  0]LogShaderLibrary: Display: ShaderCodeLibraryPakFileMountedCallback: PakFile 'C:/Program Files/Epic Games/UE_4.27/FeaturePacks/TP_VehicleAdvBP.upack' (chunk index -1, root 'root:/') mounted
[2024.12.26-06.00.50:526][  0]LogShaderLibrary: Display: ShaderCodeLibraryPakFileMountedCallback: pending pak file info (ChunkID:-1 Root:root:/ File:C:/Program Files/Epic Games/UE_4.27/FeaturePacks/TP_VehicleAdvBP.upack)
[2024.12.26-06.00.50:526][  0]LogPakFile: OnPakFileMounted2Time == 0.000026
[2024.12.26-06.00.50:526][  0]LogPakFile: PakFile PrimaryIndexSize=185
[2024.12.26-06.00.50:526][  0]LogPakFile: PakFile PathHashIndexSize=101
[2024.12.26-06.00.50:526][  0]LogPakFile: PakFile FullDirectoryIndexSize=144
[2024.12.26-06.00.50:526][  0]LogShaderLibrary: Display: ShaderCodeLibraryPakFileMountedCallback: PakFile 'C:/Program Files/Epic Games/UE_4.27/FeaturePacks/TP_VehicleBP.upack' (chunk index -1, root 'root:/') mounted
[2024.12.26-06.00.50:527][  0]LogShaderLibrary: Display: ShaderCodeLibraryPakFileMountedCallback: pending pak file info (ChunkID:-1 Root:root:/ File:C:/Program Files/Epic Games/UE_4.27/FeaturePacks/TP_VehicleBP.upack)
[2024.12.26-06.00.50:527][  0]LogPakFile: OnPakFileMounted2Time == 0.000025
[2024.12.26-06.00.50:527][  0]LogPakFile: PakFile PrimaryIndexSize=192
[2024.12.26-06.00.50:527][  0]LogPakFile: PakFile PathHashIndexSize=101
[2024.12.26-06.00.50:527][  0]LogPakFile: PakFile FullDirectoryIndexSize=158
[2024.12.26-06.00.50:527][  0]LogShaderLibrary: Display: ShaderCodeLibraryPakFileMountedCallback: PakFile 'C:/Program Files/Epic Games/UE_4.27/FeaturePacks/TP_VirtualRealityBP.upack' (chunk index -1, root 'root:/') mounted
[2024.12.26-06.00.50:527][  0]LogShaderLibrary: Display: ShaderCodeLibraryPakFileMountedCallback: pending pak file info (ChunkID:-1 Root:root:/ File:C:/Program Files/Epic Games/UE_4.27/FeaturePacks/TP_VirtualRealityBP.upack)
[2024.12.26-06.00.50:527][  0]LogPakFile: OnPakFileMounted2Time == 0.000029
[2024.12.26-06.00.50:557][  0]LogNativeClassHierarchy: Verbose: Native class hierarchy updated for 'AddContentDialog' in 0.0003 seconds. Added 0 classes and 0 folders.
[2024.12.26-06.00.50:759][  0]LogSlate: Took 0.000226 seconds to synchronously load lazily loaded font '../../../Engine/Content/Slate/Fonts/Roboto-Regular.ttf' (155K)
[2024.12.26-06.00.50:760][  0]LogSlate: Took 0.000278 seconds to synchronously load lazily loaded font '../../../Engine/Content/Editor/Slate/Fonts/FontAwesome.ttf' (139K)
[2024.12.26-06.00.50:762][  0]LogSlate: Took 0.001557 seconds to synchronously load lazily loaded font '../../../Engine/Content/Editor/Slate/Fonts/NanumGothic.ttf' (4243K)
[2024.12.26-06.00.50:766][  0]LogSlate: Took 0.001312 seconds to synchronously load lazily loaded font '../../../Engine/Content/Editor/Slate/Fonts/NanumGothicBold.ttf' (4188K)
[2024.12.26-06.00.50:766][  0]LogSlate: Took 0.000109 seconds to synchronously load lazily loaded font '../../../Engine/Content/Slate/Fonts/Roboto-Bold.ttf' (160K)
[2024.12.26-06.00.50:814][  0]LogRenderer: Reallocating scene render targets to support 940x576 Format 10 NumSamples 1 (Frame:1).
[2024.12.26-06.00.50:868][  0]LogSlate: Took 0.000146 seconds to synchronously load lazily loaded font '../../../Engine/Content/Slate/Fonts/Roboto-Light.ttf' (167K)
[2024.12.26-06.00.50:920][  0]LogNativeClassHierarchy: Verbose: Native class hierarchy updated for 'HierarchicalLODOutliner' in 0.0003 seconds. Added 0 classes and 0 folders.
[2024.12.26-06.00.50:920][  0]LogLoad: (Engine Initialization) Total time: 6.24 seconds
[2024.12.26-06.00.50:920][  0]LogLoad: (Engine Initialization) Total Blueprint compile time: 0.00 seconds
[2024.12.26-06.00.50:973][  0]LogAssetRegistry: Asset discovery search completed in 3.7084 seconds
[2024.12.26-06.00.50:977][  0]LogCollectionManager: Fixed up redirectors for 0 collections in 0.000007 seconds (updated 0 objects)
[2024.12.26-06.00.50:980][  0]LogContentStreaming: Texture pool size now 1000 MB
[2024.12.26-06.00.51:956][ 58]LogSlate: Took 0.000147 seconds to synchronously load lazily loaded font '../../../Engine/Content/Slate/Fonts/Roboto-Light.ttf' (167K)
[2024.12.26-06.00.53:843][163]LogAssetEditorSubsystem: Opening Asset editor for BehaviorTree /Game/AI/BB_Zombie.BB_Zombie
[2024.12.26-06.00.53:958][163]LogAssetEditorSubsystem: Opening Asset editor for Blueprint /Game/Resource/Character/Military/Blueprints/FirstPersonCharacter1.FirstPersonCharacter1
[2024.12.26-06.00.54:070][163]LogNativeClassHierarchy: Verbose: Native class hierarchy updated for 'BlueprintGraph' in 0.0005 seconds. Added 126 classes and 0 folders.
[2024.12.26-06.00.54:673][163]LogSlate: Took 0.000155 seconds to synchronously load lazily loaded font '../../../Engine/Content/Slate/Fonts/Roboto-BoldCondensed.ttf' (158K)
[2024.12.26-06.00.54:710][164]LogSlate: Took 0.000164 seconds to synchronously load lazily loaded font '../../../Engine/Content/Slate/Fonts/Roboto-Italic.ttf' (157K)
[2024.12.26-06.00.56:934][295]LogSlate: Window 'BD_Zombie' being destroyed
[2024.12.26-06.01.12:422][ 65]LogUObjectHash: Compacting FUObjectHashTables data took   1.88ms
[2024.12.26-06.01.12:435][ 65]LogWorld: UWorld::CleanupWorld for World_0, bSessionEnded=true, bCleanupResources=true
[2024.12.26-06.01.12:435][ 65]LogSlate: InvalidateAllWidgets triggered.  All widgets were invalidated
[2024.12.26-06.01.12:501][ 65]LogSlate: Window 'Unreal_R4D2_Copy - 언리얼 에디터' being destroyed
[2024.12.26-06.01.12:587][ 66]Cmd: QUIT_EDITOR
[2024.12.26-06.01.12:587][ 66]LogCore: Engine exit requested (reason: UUnrealEdEngine::CloseEditor())
[2024.12.26-06.01.12:589][ 66]LogCore: Engine exit requested (reason: EngineExit() was called; note: exit was already requested)
[2024.12.26-06.01.12:591][ 66]LogAudio: Display: Beginning Audio Device Manager Shutdown (Module: AudioMixerXAudio2)...
[2024.12.26-06.01.12:591][ 66]LogAudio: Display: Destroying 1 Remaining Audio Device(s)...
[2024.12.26-06.01.12:591][ 66]LogAudio: Display: Audio Device unregistered from world 'Zombie'.
[2024.12.26-06.01.12:591][ 66]LogAudioMixer: FMixerPlatformXAudio2::StopAudioStream() called
[2024.12.26-06.01.12:592][ 66]LogAudioMixer: FMixerPlatformXAudio2::StopAudioStream() called
[2024.12.26-06.01.12:598][ 66]LogAudio: Display: Audio Device Manager Shutdown
[2024.12.26-06.01.12:599][ 66]LogWindowsTextInputMethodSystem: Display: IME system activated using TSF (Microsoft 입력기).
[2024.12.26-06.01.12:607][ 66]LogExit: Preparing to exit.
[2024.12.26-06.01.12:747][ 66]LogUObjectHash: Compacting FUObjectHashTables data took   1.49ms
[2024.12.26-06.01.12:935][ 66]LogDemo: Cleaned up 0 splitscreen connections with owner deletion
[2024.12.26-06.01.12:948][ 66]LogWorld: UWorld::CleanupWorld for None, bSessionEnded=true, bCleanupResources=true
[2024.12.26-06.01.12:948][ 66]LogExit: Editor shut down
[2024.12.26-06.01.12:948][ 66]LogExit: Transaction tracking system shut down
[2024.12.26-06.01.13:193][ 66]LogExit: Object subsystem successfully closed.
[2024.12.26-06.01.13:212][ 66]LogShaderCompilers: Display: === FShaderJobCache stats ===
[2024.12.26-06.01.13:212][ 66]LogShaderCompilers: Display: Total job queries 0, among them cache hits 0 (0.00%)
[2024.12.26-06.01.13:212][ 66]LogShaderCompilers: Display: Tracking 0 distinct input hashes that result in 0 distinct outputs (0.00%)
[2024.12.26-06.01.13:212][ 66]LogShaderCompilers: Display: RAM used: 0.00 MB (0.00 GB) of 819.20 MB (0.80 GB) budget. Usage: 0.00%
[2024.12.26-06.01.13:212][ 66]LogShaderCompilers: Display: ================================================
[2024.12.26-06.01.13:219][ 66]LogShaderCompilers: Display: Shaders left to compile 0
[2024.12.26-06.01.13:235][ 66]LogModuleManager: Shutting down and abandoning module BlueprintGraph (874)
[2024.12.26-06.01.13:235][ 66]LogModuleManager: Shutting down and abandoning module HierarchicalLODOutliner (872)
[2024.12.26-06.01.13:235][ 66]LogModuleManager: Shutting down and abandoning module AddContentDialog (870)
[2024.12.26-06.01.13:236][ 66]LogModuleManager: Shutting down and abandoning module WidgetCarousel (869)
[2024.12.26-06.01.13:236][ 66]LogModuleManager: Shutting down and abandoning module EditorWidgets (866)
[2024.12.26-06.01.13:236][ 66]LogModuleManager: Shutting down and abandoning module SceneOutliner (864)
[2024.12.26-06.01.13:236][ 66]LogModuleManager: Shutting down and abandoning module StatsViewer (862)
[2024.12.26-06.01.13:236][ 66]LogModuleManager: Shutting down and abandoning module PIEPreviewDeviceProfileSelector (860)
[2024.12.26-06.01.13:236][ 66]LogModuleManager: Shutting down and abandoning module SequenceRecorderSections (858)
[2024.12.26-06.01.13:236][ 66]LogModuleManager: Shutting down and abandoning module AutomationWorker (856)
[2024.12.26-06.01.13:236][ 66]LogModuleManager: Shutting down and abandoning module SteamVREditor (854)
[2024.12.26-06.01.13:236][ 66]LogModuleManager: Shutting down and abandoning module OculusMR (852)
[2024.12.26-06.01.13:236][ 66]LogModuleManager: Shutting down and abandoning module TakeRecorderSources (850)
[2024.12.26-06.01.13:236][ 66]LogModuleManager: Shutting down and abandoning module TakeRecorder (849)
[2024.12.26-06.01.13:236][ 66]LogModuleManager: Shutting down and abandoning module TakeTrackRecorders (846)
[2024.12.26-06.01.13:236][ 66]LogModuleManager: Shutting down and abandoning module TakesCore (844)
[2024.12.26-06.01.13:236][ 66]LogModuleManager: Shutting down and abandoning module OpenXRInput (842)
[2024.12.26-06.01.13:236][ 66]LogModuleManager: Shutting down and abandoning module GooglePADEditor (840)
[2024.12.26-06.01.13:236][ 66]LogModuleManager: Shutting down and abandoning module AudioCaptureEditor (838)
[2024.12.26-06.01.13:236][ 66]LogModuleManager: Shutting down and abandoning module WebMMediaFactory (836)
[2024.12.26-06.01.13:236][ 66]LogModuleManager: Shutting down and abandoning module WebMMediaEditor (834)
[2024.12.26-06.01.13:236][ 66]LogModuleManager: Shutting down and abandoning module WebMMedia (832)
[2024.12.26-06.01.13:236][ 66]LogModuleManager: Shutting down and abandoning module WmfMediaFactory (830)
[2024.12.26-06.01.13:236][ 66]LogModuleManager: Shutting down and abandoning module WmfMediaEditor (828)
[2024.12.26-06.01.13:236][ 66]LogModuleManager: Shutting down and abandoning module MediaPlayerEditor (826)
[2024.12.26-06.01.13:236][ 66]LogModuleManager: Shutting down and abandoning module MediaCompositingEditor (824)
[2024.12.26-06.01.13:236][ 66]LogModuleManager: Shutting down and abandoning module SequenceRecorder (823)
[2024.12.26-06.01.13:236][ 66]LogModuleManager: Shutting down and abandoning module OpenExrWrapper (820)
[2024.12.26-06.01.13:236][ 66]LogModuleManager: Shutting down and abandoning module ImgMediaFactory (818)
[2024.12.26-06.01.13:236][ 66]LogModuleManager: Shutting down and abandoning module ImgMediaEditor (816)
[2024.12.26-06.01.13:236][ 66]LogModuleManager: Shutting down and abandoning module AvfMediaFactory (814)
[2024.12.26-06.01.13:236][ 66]LogModuleManager: Shutting down and abandoning module AvfMediaEditor (812)
[2024.12.26-06.01.13:236][ 66]LogModuleManager: Shutting down and abandoning module AndroidMediaFactory (810)
[2024.12.26-06.01.13:236][ 66]LogModuleManager: Shutting down and abandoning module AndroidMediaEditor (808)
[2024.12.26-06.01.13:236][ 66]LogModuleManager: Shutting down and abandoning module TemplateSequenceEditor (806)
[2024.12.26-06.01.13:236][ 66]LogModuleManager: Shutting down and abandoning module MatineeToLevelSequence (804)
[2024.12.26-06.01.13:236][ 66]LogModuleManager: Shutting down and abandoning module LevelSequenceEditor (802)
[2024.12.26-06.01.13:236][ 66]LogModuleManager: Shutting down and abandoning module ActorSequenceEditor (800)
[2024.12.26-06.01.13:236][ 66]LogModuleManager: Shutting down and abandoning module PlanarCut (798)
[2024.12.26-06.01.13:236][ 66]LogModuleManager: Shutting down and abandoning module MagicLeapMediaCodecFactory (796)
[2024.12.26-06.01.13:236][ 66]LogModuleManager: Shutting down and abandoning module MagicLeapMediaFactory (794)
[2024.12.26-06.01.13:236][ 66]LogModuleManager: Shutting down and abandoning module MagicLeapMediaEditor (792)
[2024.12.26-06.01.13:236][ 66]LogModuleManager: Shutting down and abandoning module CharacterAI (790)
[2024.12.26-06.01.13:236][ 66]LogModuleManager: Shutting down and abandoning module TextureAlignMode (788)
[2024.12.26-06.01.13:236][ 66]LogModuleManager: Shutting down and abandoning module BspMode (786)
[2024.12.26-06.01.13:236][ 66]LogModuleManager: Shutting down and abandoning module GeometryMode (784)
[2024.12.26-06.01.13:236][ 66]LogModuleManager: Shutting down and abandoning module CameraShakePreviewer (782)
[2024.12.26-06.01.13:236][ 66]LogModuleManager: Shutting down and abandoning module SmartSnapping (780)
[2024.12.26-06.01.13:236][ 66]LogModuleManager: Shutting down and abandoning module SessionServices (778)
[2024.12.26-06.01.13:236][ 66]LogModuleManager: Shutting down and abandoning module MeshPaint (776)
[2024.12.26-06.01.13:236][ 66]LogModuleManager: Shutting down and abandoning module VirtualTexturingEditor (774)
[2024.12.26-06.01.13:237][ 66]LogModuleManager: Shutting down and abandoning module FoliageEdit (772)
[2024.12.26-06.01.13:237][ 66]LogModuleManager: Shutting down and abandoning module LandscapeEditor (770)
[2024.12.26-06.01.13:237][ 66]LogModuleManager: Shutting down and abandoning module MeshPaintMode (768)
[2024.12.26-06.01.13:237][ 66]LogModuleManager: Shutting down and abandoning module SceneDepthPickerMode (766)
[2024.12.26-06.01.13:237][ 66]LogModuleManager: Shutting down and abandoning module ActorPickerMode (764)
[2024.12.26-06.01.13:237][ 66]LogModuleManager: Shutting down and abandoning module PlacementMode (762)
[2024.12.26-06.01.13:237][ 66]LogModuleManager: Shutting down and abandoning module ViewportSnapping (760)
[2024.12.26-06.01.13:237][ 66]LogModuleManager: Shutting down and abandoning module ViewportInteraction (758)
[2024.12.26-06.01.13:237][ 66]LogModuleManager: Shutting down and abandoning module ClothPainter (756)
[2024.12.26-06.01.13:237][ 66]LogModuleManager: Shutting down and abandoning module SkeletalMeshEditor (755)
[2024.12.26-06.01.13:237][ 66]LogModuleManager: Shutting down and abandoning module LogVisualizer (752)
[2024.12.26-06.01.13:237][ 66]LogModuleManager: Shutting down and abandoning module IntroTutorials (750)
[2024.12.26-06.01.13:237][ 66]LogModuleManager: Shutting down and abandoning module GameProjectGeneration (749)
[2024.12.26-06.01.13:237][ 66]LogModuleManager: Shutting down and abandoning module LuminPlatformEditor (746)
[2024.12.26-06.01.13:237][ 66]LogModuleManager: Shutting down and abandoning module IOSPlatformEditor (744)
[2024.12.26-06.01.13:237][ 66]LogModuleManager: Shutting down and abandoning module AndroidPlatformEditor (742)
[2024.12.26-06.01.13:237][ 66]LogModuleManager: Shutting down and abandoning module AndroidDeviceDetection (741)
[2024.12.26-06.01.13:911][ 66]LogModuleManager: Shutting down and abandoning module WindowsPlatformEditor (738)
[2024.12.26-06.01.13:911][ 66]LogModuleManager: Shutting down and abandoning module LuminRuntimeSettings (736)
[2024.12.26-06.01.13:911][ 66]LogModuleManager: Shutting down and abandoning module IOSRuntimeSettings (734)
[2024.12.26-06.01.13:911][ 66]LogModuleManager: Shutting down and abandoning module AndroidRuntimeSettings (732)
[2024.12.26-06.01.13:911][ 66]LogModuleManager: Shutting down and abandoning module TraceInsights (730)
[2024.12.26-06.01.13:911][ 66]MemoryProfiler: Shutdown
[2024.12.26-06.01.13:911][ 66]NetworkingProfiler: Shutdown
[2024.12.26-06.01.13:911][ 66]LoadingProfiler: Shutdown
[2024.12.26-06.01.13:911][ 66]TimingProfiler: Shutdown
[2024.12.26-06.01.13:911][ 66]LogModuleManager: Shutting down and abandoning module TraceServices (729)
[2024.12.26-06.01.13:912][ 66]LogModuleManager: Shutting down and abandoning module EditorInteractiveToolsFramework (726)
[2024.12.26-06.01.13:912][ 66]LogModuleManager: Shutting down and abandoning module TimeManagementEditor (724)
[2024.12.26-06.01.13:912][ 66]LogModuleManager: Shutting down and abandoning module InputBindingEditor (722)
[2024.12.26-06.01.13:912][ 66]LogModuleManager: Shutting down and abandoning module MergeActors (720)
[2024.12.26-06.01.13:912][ 66]LogModuleManager: Shutting down and abandoning module LocalizationDashboard (718)
[2024.12.26-06.01.13:912][ 66]LogModuleManager: Shutting down and abandoning module LocalizationService (717)
[2024.12.26-06.01.13:912][ 66]LogModuleManager: Shutting down and abandoning module HardwareTargeting (714)
[2024.12.26-06.01.13:912][ 66]LogModuleManager: Shutting down and abandoning module DeviceProfileEditor (712)
[2024.12.26-06.01.13:912][ 66]LogModuleManager: Shutting down and abandoning module UndoHistory (710)
[2024.12.26-06.01.13:912][ 66]LogModuleManager: Shutting down and abandoning module XmlParser (708)
[2024.12.26-06.01.13:912][ 66]LogModuleManager: Shutting down and abandoning module Blutility (706)
[2024.12.26-06.01.13:912][ 66]LogModuleManager: Shutting down and abandoning module ProjectSettingsViewer (704)
[2024.12.26-06.01.13:912][ 66]LogModuleManager: Shutting down and abandoning module ProjectTargetPlatformEditor (703)
[2024.12.26-06.01.13:912][ 66]LogModuleManager: Shutting down and abandoning module EditorSettingsViewer (700)
[2024.12.26-06.01.13:912][ 66]LogModuleManager: Shutting down and abandoning module InternationalizationSettings (699)
[2024.12.26-06.01.13:912][ 66]LogModuleManager: Shutting down and abandoning module SettingsEditor (696)
[2024.12.26-06.01.13:912][ 66]LogModuleManager: Shutting down and abandoning module ProjectLauncher (694)
[2024.12.26-06.01.13:912][ 66]LogModuleManager: Shutting down and abandoning module SessionFrontend (692)
[2024.12.26-06.01.13:912][ 66]LogModuleManager: Shutting down and abandoning module ProfilerClient (690)
[2024.12.26-06.01.13:912][ 66]LogModuleManager: Shutting down and abandoning module DeviceManager (688)
[2024.12.26-06.01.13:912][ 66]LogModuleManager: Shutting down and abandoning module TargetDeviceServices (687)
[2024.12.26-06.01.13:945][ 66]LogModuleManager: Shutting down and abandoning module AutomationController (684)
[2024.12.26-06.01.13:945][ 66]LogModuleManager: Shutting down and abandoning module AutomationWindow (682)
[2024.12.26-06.01.13:945][ 66]LogModuleManager: Shutting down and abandoning module Layers (680)
[2024.12.26-06.01.13:945][ 66]LogModuleManager: Shutting down and abandoning module ComponentVisualizers (678)
[2024.12.26-06.01.13:945][ 66]LogModuleManager: Shutting down and abandoning module DetailCustomizations (676)
[2024.12.26-06.01.13:945][ 66]LogModuleManager: Shutting down and abandoning module PackagesDialog (674)
[2024.12.26-06.01.13:945][ 66]LogModuleManager: Shutting down and abandoning module AnimationBlueprintEditor (672)
[2024.12.26-06.01.13:945][ 66]LogModuleManager: Shutting down and abandoning module Persona (670)
[2024.12.26-06.01.13:945][ 66]LogModuleManager: Shutting down and abandoning module AdvancedPreviewScene (669)
[2024.12.26-06.01.13:945][ 66]LogModuleManager: Shutting down and abandoning module Kismet (666)
[2024.12.26-06.01.13:949][ 66]LogModuleManager: Shutting down and abandoning module KismetWidgets (665)
[2024.12.26-06.01.13:949][ 66]LogModuleManager: Shutting down and abandoning module GraphEditor (662)
[2024.12.26-06.01.13:949][ 66]LogModuleManager: Shutting down and abandoning module StructViewer (660)
[2024.12.26-06.01.13:949][ 66]LogModuleManager: Shutting down and abandoning module ClassViewer (658)
[2024.12.26-06.01.13:949][ 66]LogModuleManager: Shutting down and abandoning module Toolbox (656)
[2024.12.26-06.01.13:949][ 66]LogModuleManager: Shutting down and abandoning module ModuleUI (654)
[2024.12.26-06.01.13:949][ 66]LogModuleManager: Shutting down and abandoning module OutputLog (652)
[2024.12.26-06.01.13:950][ 66]LogModuleManager: Shutting down and abandoning module GammaUI (650)
[2024.12.26-06.01.13:950][ 66]LogModuleManager: Shutting down and abandoning module Documentation (648)
[2024.12.26-06.01.13:950][ 66]LogModuleManager: Shutting down and abandoning module LiveCoding (646)
[2024.12.26-06.01.13:950][ 66]LogModuleManager: Shutting down and abandoning module LevelSequence (644)
[2024.12.26-06.01.13:950][ 66]LogModuleManager: Shutting down and abandoning module MovieSceneTracks (642)
[2024.12.26-06.01.13:950][ 66]LogModuleManager: Shutting down and abandoning module MovieScene (640)
[2024.12.26-06.01.13:950][ 66]LogModuleManager: Shutting down and abandoning module StreamingPauseRendering (638)
[2024.12.26-06.01.13:950][ 66]LogModuleManager: Shutting down and abandoning module LauncherPlatform (636)
[2024.12.26-06.01.13:950][ 66]LogModuleManager: Shutting down and abandoning module AnalyticsET (634)
[2024.12.26-06.01.13:950][ 66]LogModuleManager: Shutting down and abandoning module PortalServices (632)
[2024.12.26-06.01.13:950][ 66]LogModuleManager: Shutting down and abandoning module PortalRpc (630)
[2024.12.26-06.01.13:950][ 66]LogModuleManager: Shutting down and abandoning module MessagingRpc (628)
[2024.12.26-06.01.13:950][ 66]LogModuleManager: Shutting down and abandoning module AudioMixerXAudio2 (626)
[2024.12.26-06.01.13:950][ 66]LogModuleManager: Shutting down and abandoning module AudioMixerCore (625)
[2024.12.26-06.01.13:950][ 66]LogModuleManager: Shutting down and abandoning module AIModule (622)
[2024.12.26-06.01.13:950][ 66]LogModuleManager: Shutting down and abandoning module GameplayDebugger (621)
[2024.12.26-06.01.13:950][ 66]LogModuleManager: Shutting down and abandoning module AITestSuite (619)
[2024.12.26-06.01.13:950][ 66]LogModuleManager: Shutting down and abandoning module NavigationSystem (617)
[2024.12.26-06.01.13:950][ 66]LogModuleManager: Shutting down and abandoning module ImageWriteQueue (614)
[2024.12.26-06.01.13:955][ 66]LogModuleManager: Shutting down and abandoning module ProfilerService (612)
[2024.12.26-06.01.14:024][ 66]LogModuleManager: Shutting down and abandoning module TaskGraph (610)
[2024.12.26-06.01.14:024][ 66]LogModuleManager: Shutting down and abandoning module AudioSynesthesiaEditor (608)
[2024.12.26-06.01.14:024][ 66]LogModuleManager: Shutting down and abandoning module OculusEditor (606)
[2024.12.26-06.01.14:024][ 66]LogModuleManager: Shutting down and abandoning module OculusInput (604)
[2024.12.26-06.01.14:024][ 66]LogModuleManager: Shutting down and abandoning module ContentBrowserFileDataSource (602)
[2024.12.26-06.01.14:024][ 66]LogModuleManager: Shutting down and abandoning module ContentBrowserClassDataSource (600)
[2024.12.26-06.01.14:024][ 66]LogModuleManager: Shutting down and abandoning module ContentBrowserAssetDataSource (598)
[2024.12.26-06.01.14:024][ 66]LogModuleManager: Shutting down and abandoning module CollectionManager (597)
[2024.12.26-06.01.14:024][ 66]LogModuleManager: Shutting down and abandoning module SynthesisEditor (594)
[2024.12.26-06.01.14:024][ 66]LogModuleManager: Shutting down and abandoning module Synthesis (592)
[2024.12.26-06.01.14:024][ 66]LogModuleManager: Shutting down and abandoning module TakeSequencer (590)
[2024.12.26-06.01.14:024][ 66]LogModuleManager: Shutting down and abandoning module TakeMovieScene (588)
[2024.12.26-06.01.14:024][ 66]LogModuleManager: Shutting down and abandoning module ProceduralMeshComponentEditor (586)
[2024.12.26-06.01.14:024][ 66]LogModuleManager: Shutting down and abandoning module ProceduralMeshComponent (584)
[2024.12.26-06.01.14:024][ 66]LogModuleManager: Shutting down and abandoning module OpenXREditor (582)
[2024.12.26-06.01.14:024][ 66]LogModuleManager: Shutting down and abandoning module ScreenshotTools (580)
[2024.12.26-06.01.14:024][ 66]LogModuleManager: Shutting down and abandoning module MobilePatchingUtils (578)
[2024.12.26-06.01.14:024][ 66]LogModuleManager: Shutting down and abandoning module GooglePAD (576)
[2024.12.26-06.01.14:024][ 66]LogModuleManager: Shutting down and abandoning module EditableMesh (574)
[2024.12.26-06.01.14:024][ 66]LogModuleManager: Shutting down and abandoning module CustomMeshComponent (572)
[2024.12.26-06.01.14:024][ 66]LogModuleManager: Shutting down and abandoning module CableComponent (570)
[2024.12.26-06.01.14:024][ 66]LogModuleManager: Shutting down and abandoning module AssetTags (568)
[2024.12.26-06.01.14:024][ 66]LogModuleManager: Shutting down and abandoning module ArchVisCharacter (566)
[2024.12.26-06.01.14:025][ 66]LogModuleManager: Shutting down and abandoning module AudioCapture (564)
[2024.12.26-06.01.14:025][ 66]LogModuleManager: Shutting down and abandoning module AudioCaptureRtAudio (563)
[2024.12.26-06.01.14:025][ 66]LogModuleManager: Shutting down and abandoning module AppleImageUtilsBlueprintSupport (560)
[2024.12.26-06.01.14:025][ 66]LogModuleManager: Shutting down and abandoning module AppleImageUtils (558)
[2024.12.26-06.01.14:025][ 66]LogModuleManager: Shutting down and abandoning module AndroidPermission (556)
[2024.12.26-06.01.14:025][ 66]LogModuleManager: Shutting down and abandoning module ActorLayerUtilitiesEditor (554)
[2024.12.26-06.01.14:025][ 66]LogModuleManager: Shutting down and abandoning module ActorLayerUtilities (552)
[2024.12.26-06.01.14:025][ 66]LogModuleManager: Shutting down and abandoning module MediaCompositing (550)
[2024.12.26-06.01.14:025][ 66]LogModuleManager: Shutting down and abandoning module ImgMedia (548)
[2024.12.26-06.01.14:025][ 66]LogModuleManager: Shutting down and abandoning module TemplateSequence (546)
[2024.12.26-06.01.14:025][ 66]LogModuleManager: Shutting down and abandoning module OpenImageDenoise (544)
[2024.12.26-06.01.14:025][ 66]LogOpenImageDenoise: OIDN shutting down
[2024.12.26-06.01.14:025][ 66]LogModuleManager: Shutting down and abandoning module MotoSynthEditor (542)
[2024.12.26-06.01.14:025][ 66]LogModuleManager: Shutting down and abandoning module MotoSynth (540)
[2024.12.26-06.01.14:025][ 66]LogModuleManager: Shutting down and abandoning module MeshConversion (538)
[2024.12.26-06.01.14:025][ 66]LogModuleManager: Shutting down and abandoning module DynamicMesh (536)
[2024.12.26-06.01.14:025][ 66]LogModuleManager: Shutting down and abandoning module GeometryAlgorithms (534)
[2024.12.26-06.01.14:025][ 66]LogModuleManager: Shutting down and abandoning module GeometricObjects (532)
[2024.12.26-06.01.14:025][ 66]LogModuleManager: Shutting down and abandoning module MagicLeapSharedWorld (530)
[2024.12.26-06.01.14:025][ 66]LogModuleManager: Shutting down and abandoning module MagicLeapLightEstimation (528)
[2024.12.26-06.01.14:025][ 66]LogModuleManager: Shutting down and abandoning module MagicLeapHelperVulkan (526)
[2024.12.26-06.01.14:025][ 66]LogModuleManager: Shutting down and abandoning module MagicLeapHelperOpenGL (524)
[2024.12.26-06.01.14:025][ 66]LogModuleManager: Shutting down and abandoning module MagicLeapAudio (522)
[2024.12.26-06.01.14:025][ 66]LogModuleManager: Shutting down and abandoning module GeometryCollectionTracks (520)
[2024.12.26-06.01.14:025][ 66]LogModuleManager: Shutting down and abandoning module GeometryCollectionSequencer (519)
[2024.12.26-06.01.14:025][ 66]LogModuleManager: Shutting down and abandoning module GeometryCollectionEditor (516)
[2024.12.26-06.01.14:025][ 66]LogModuleManager: Shutting down and abandoning module GeometryCacheTracks (514)
[2024.12.26-06.01.14:025][ 66]LogModuleManager: Shutting down and abandoning module GeometryCacheStreamer (512)
[2024.12.26-06.01.14:025][ 66]LogModuleManager: Shutting down and abandoning module GeometryCacheSequencer (510)
[2024.12.26-06.01.14:025][ 66]LogModuleManager: Shutting down and abandoning module NiagaraEditorWidgets (508)
[2024.12.26-06.01.14:025][ 66]LogModuleManager: Shutting down and abandoning module ChaosNiagara (506)
[2024.12.26-06.01.14:025][ 66]LogModuleManager: Shutting down and abandoning module ChaosSolverEditor (504)
[2024.12.26-06.01.14:025][ 66]LogModuleManager: Shutting down and abandoning module VisualStudioSourceCodeAccess (502)
[2024.12.26-06.01.14:025][ 66]LogModuleManager: Shutting down and abandoning module VisualStudioCodeSourceCodeAccess (500)
[2024.12.26-06.01.14:025][ 66]LogModuleManager: Shutting down and abandoning module FractureEditor (498)
[2024.12.26-06.01.14:025][ 66]LogModuleManager: Shutting down and abandoning module FieldSystemEngine (497)
[2024.12.26-06.01.14:025][ 66]LogModuleManager: Shutting down and abandoning module ChaosClothEditor (494)
[2024.12.26-06.01.14:025][ 66]LogModuleManager: Shutting down and abandoning module BackChannel (492)
[2024.12.26-06.01.14:025][ 66]LogModuleManager: Shutting down and abandoning module SpeedTreeImporter (490)
[2024.12.26-06.01.14:025][ 66]LogModuleManager: Shutting down and abandoning module AutomationUtilsEditor (488)
[2024.12.26-06.01.14:025][ 66]LogModuleManager: Shutting down and abandoning module AutomationUtils (486)
[2024.12.26-06.01.14:025][ 66]LogModuleManager: Shutting down and abandoning module PluginUtils (484)
[2024.12.26-06.01.14:025][ 66]LogModuleManager: Shutting down and abandoning module PluginBrowser (482)
[2024.12.26-06.01.14:025][ 66]LogModuleManager: Shutting down and abandoning module MobileLauncherProfileWizard (480)
[2024.12.26-06.01.14:025][ 66]LogModuleManager: Shutting down and abandoning module AlembicImporter (478)
[2024.12.26-06.01.14:025][ 66]LogModuleManager: Shutting down and abandoning module AlembicLibrary (477)
[2024.12.26-06.01.14:025][ 66]LogModuleManager: Shutting down and abandoning module GeometryCache (476)
[2024.12.26-06.01.14:025][ 66]LogModuleManager: Shutting down and abandoning module GeometryCacheEd (475)
[2024.12.26-06.01.14:025][ 66]LogModuleManager: Shutting down and abandoning module MaterialAnalyzer (470)
[2024.12.26-06.01.14:025][ 66]LogModuleManager: Shutting down and abandoning module PerforceSourceControl (468)
[2024.12.26-06.01.14:025][ 66]LogModuleManager: Shutting down and abandoning module CurveEditorTools (466)
[2024.12.26-06.01.14:025][ 66]LogModuleManager: Shutting down and abandoning module CryptoKeysOpenSSL (464)
[2024.12.26-06.01.14:025][ 66]LogModuleManager: Shutting down and abandoning module CryptoKeys (462)
[2024.12.26-06.01.14:025][ 66]LogModuleManager: Shutting down and abandoning module SubversionSourceControl (460)
[2024.12.26-06.01.14:025][ 66]LogModuleManager: Shutting down and abandoning module UObjectPlugin (458)
[2024.12.26-06.01.14:025][ 66]LogModuleManager: Shutting down and abandoning module PlasticSourceControl (456)
[2024.12.26-06.01.14:025][ 66]LogModuleManager: Shutting down and abandoning module RiderSourceCodeAccess (454)
[2024.12.26-06.01.14:025][ 66]LogModuleManager: Shutting down and abandoning module GitSourceControl (452)
[2024.12.26-06.01.14:025][ 66]LogModuleManager: Shutting down and abandoning module SourceControl (451)
[2024.12.26-06.01.14:025][ 66]LogModuleManager: Shutting down and abandoning module CLionSourceCodeAccess (448)
[2024.12.26-06.01.14:025][ 66]LogModuleManager: Shutting down and abandoning module AnimationSharingEd (446)
[2024.12.26-06.01.14:025][ 66]LogModuleManager: Shutting down and abandoning module VariantManagerContentEditor (444)
[2024.12.26-06.01.14:025][ 66]LogModuleManager: Shutting down and abandoning module DatasmithContentEditor (442)
[2024.12.26-06.01.14:025][ 66]LogModuleManager: Shutting down and abandoning module OodleNetworkHandlerComponent (440)
[2024.12.26-06.01.14:025][ 66]LogModuleManager: Shutting down and abandoning module LiveLinkSequencer (438)
[2024.12.26-06.01.14:025][ 66]LogModuleManager: Shutting down and abandoning module LiveLinkMovieScene (436)
[2024.12.26-06.01.14:025][ 66]LogModuleManager: Shutting down and abandoning module LiveLinkGraphNode (434)
[2024.12.26-06.01.14:025][ 66]LogModuleManager: Shutting down and abandoning module LiveLinkEditor (432)
[2024.12.26-06.01.14:025][ 66]LogModuleManager: Shutting down and abandoning module LiveLinkComponents (430)
[2024.12.26-06.01.14:025][ 66]LogModuleManager: Shutting down and abandoning module LiveLink (428)
[2024.12.26-06.01.14:859][ 66]LogModuleManager: Shutting down and abandoning module LightPropagationVolumeEditor (426)
[2024.12.26-06.01.14:859][ 66]LogModuleManager: Shutting down and abandoning module PaperTiledImporter (424)
[2024.12.26-06.01.14:859][ 66]LogModuleManager: Shutting down and abandoning module PaperSpriteSheetImporter (422)
[2024.12.26-06.01.14:859][ 66]LogModuleManager: Shutting down and abandoning module Paper2DEditor (420)
[2024.12.26-06.01.14:860][ 66]LogModuleManager: Shutting down and abandoning module MeshPaintingToolset (418)
[2024.12.26-06.01.14:860][ 66]LogModuleManager: Shutting down and abandoning module MeshPaintEditorMode (416)
[2024.12.26-06.01.14:860][ 66]LogModuleManager: Shutting down and abandoning module Unreal_R4D2_Copy (414)
[2024.12.26-06.01.14:860][ 66]LogModuleManager: Shutting down and abandoning module AnimGraph (413)
[2024.12.26-06.01.14:860][ 66]LogModuleManager: Shutting down and abandoning module SoundFields (410)
[2024.12.26-06.01.14:860][ 66]LogModuleManager: Shutting down and abandoning module SignificanceManager (408)
[2024.12.26-06.01.14:860][ 66]LogModuleManager: Shutting down and abandoning module RuntimePhysXCooking (406)
[2024.12.26-06.01.14:860][ 66]LogModuleManager: Shutting down and abandoning module PropertyAccessEditor (404)
[2024.12.26-06.01.14:860][ 66]LogModuleManager: Shutting down and abandoning module PhysXVehiclesEditor (402)
[2024.12.26-06.01.14:860][ 66]LogModuleManager: Shutting down and abandoning module LocationServicesBPLibrary (398)
[2024.12.26-06.01.14:860][ 66]LogModuleManager: Shutting down and abandoning module AudioSynesthesia (396)
[2024.12.26-06.01.14:860][ 66]LogModuleManager: Shutting down and abandoning module AudioSynesthesiaCore (394)
[2024.12.26-06.01.14:860][ 66]LogModuleManager: Shutting down and abandoning module ImgMediaEngine (392)
[2024.12.26-06.01.14:860][ 66]LogModuleManager: Shutting down and abandoning module ActorSequence (390)
[2024.12.26-06.01.14:860][ 66]LogModuleManager: Shutting down and abandoning module UdpMessaging (388)
[2024.12.26-06.01.14:961][ 66]LogModuleManager: Shutting down and abandoning module TcpMessaging (386)
[2024.12.26-06.01.15:062][ 66]LogModuleManager: Shutting down and abandoning module PythonScriptPlugin (384)
[2024.12.26-06.01.15:062][ 66]LogModuleManager: Shutting down and abandoning module MagicLeapARPin (382)
[2024.12.26-06.01.15:062][ 66]LogModuleManager: Shutting down and abandoning module MagicLeapHandMeshing (380)
[2024.12.26-06.01.15:062][ 66]LogModuleManager: Shutting down and abandoning module MagicLeapSecureStorage (378)
[2024.12.26-06.01.15:062][ 66]LogModuleManager: Shutting down and abandoning module MagicLeapPrivileges (376)
[2024.12.26-06.01.15:062][ 66]LogModuleManager: Shutting down and abandoning module MagicLeapPlanes (374)
[2024.12.26-06.01.15:062][ 66]LogMagicLeapPlanes: Planes tracker already destroyed.
[2024.12.26-06.01.15:062][ 66]LogModuleManager: Shutting down and abandoning module MagicLeapImageTracker (372)
[2024.12.26-06.01.15:062][ 66]LogModuleManager: Shutting down and abandoning module MagicLeapIdentity (370)
[2024.12.26-06.01.15:062][ 66]LogModuleManager: Shutting down and abandoning module MagicLeapHandTracking (368)
[2024.12.26-06.01.15:062][ 66]LogModuleManager: Shutting down and abandoning module MagicLeapEyeTracker (366)
[2024.12.26-06.01.15:062][ 66]LogModuleManager: Shutting down and abandoning module MagicLeapController (364)
[2024.12.26-06.01.15:062][ 66]LogModuleManager: Shutting down and abandoning module MagicLeapARPinImpl (362)
[2024.12.26-06.01.15:062][ 66]LogModuleManager: Shutting down and abandoning module MagicLeapAR (360)
[2024.12.26-06.01.15:062][ 66]LogModuleManager: Shutting down and abandoning module NiagaraAnimNotifies (358)
[2024.12.26-06.01.15:062][ 66]LogModuleManager: Shutting down and abandoning module Niagara (356)
[2024.12.26-06.01.15:062][ 66]LogModuleManager: Shutting down and abandoning module SignalProcessing (355)
[2024.12.26-06.01.15:062][ 66]LogModuleManager: Shutting down and abandoning module NiagaraEditor (353)
[2024.12.26-06.01.15:062][ 66]LogModuleManager: Shutting down and abandoning module NiagaraCore (350)
[2024.12.26-06.01.15:062][ 66]LogModuleManager: Shutting down and abandoning module AssetManagerEditor (348)
[2024.12.26-06.01.15:062][ 66]LogModuleManager: Shutting down and abandoning module LevelEditor (347)
[2024.12.26-06.01.15:063][ 66]LogModuleManager: Shutting down and abandoning module PixelInspectorModule (346)
[2024.12.26-06.01.15:063][ 66]LogModuleManager: Shutting down and abandoning module CommonMenuExtensions (344)
[2024.12.26-06.01.15:064][ 66]LogModuleManager: Shutting down and abandoning module MainFrame (342)
[2024.12.26-06.01.15:064][ 66]LogModuleManager: Shutting down and abandoning module HotReload (341)
[2024.12.26-06.01.15:064][ 66]LogModuleManager: Shutting down and abandoning module ToolMenus (337)
[2024.12.26-06.01.15:064][ 66]LogModuleManager: Shutting down and abandoning module TreeMap (335)
[2024.12.26-06.01.15:064][ 66]LogModuleManager: Shutting down and abandoning module GameplayTagsEditor (332)
[2024.12.26-06.01.15:064][ 66]LogModuleManager: Shutting down and abandoning module FacialAnimationEditor (330)
[2024.12.26-06.01.15:064][ 66]LogModuleManager: Shutting down and abandoning module FacialAnimation (328)
[2024.12.26-06.01.15:064][ 66]LogModuleManager: Shutting down and abandoning module DataValidation (326)
[2024.12.26-06.01.15:064][ 66]LogModuleManager: Shutting down and abandoning module ContentBrowser (325)
[2024.12.26-06.01.15:064][ 66]LogModuleManager: Shutting down and abandoning module ContentBrowserData (324)
[2024.12.26-06.01.15:064][ 66]LogModuleManager: Shutting down and abandoning module PropertyAccessNode (320)
[2024.12.26-06.01.15:064][ 66]LogModuleManager: Shutting down and abandoning module AnimationSharing (318)
[2024.12.26-06.01.15:064][ 66]LogModuleManager: Shutting down and abandoning module GameplayCameras (316)
[2024.12.26-06.01.15:064][ 66]LogModuleManager: Shutting down and abandoning module LightPropagationVolumeRuntime (314)
[2024.12.26-06.01.15:064][ 66]LogModuleManager: Shutting down and abandoning module Paper2D (312)
[2024.12.26-06.01.15:064][ 66]LogModuleManager: Shutting down and abandoning module EnvironmentQueryEditor (310)
[2024.12.26-06.01.15:064][ 66]LogModuleManager: Shutting down and abandoning module WindowsMoviePlayer (308)
[2024.12.26-06.01.15:065][ 66]LogModuleManager: Shutting down and abandoning module WebMMoviePlayer (306)
[2024.12.26-06.01.15:065][ 66]LogModuleManager: Shutting down and abandoning module NetworkReplayStreaming (304)
[2024.12.26-06.01.15:065][ 66]LogModuleManager: Shutting down and abandoning module PacketHandler (302)
[2024.12.26-06.01.15:065][ 66]LogModuleManager: Shutting down and abandoning module ClothingSystemEditor (300)
[2024.12.26-06.01.15:065][ 66]LogModuleManager: Shutting down and abandoning module ClothingSystemRuntimeNv (298)
[2024.12.26-06.01.15:065][ 66]LogModuleManager: Shutting down and abandoning module MediaAssets (296)
[2024.12.26-06.01.15:065][ 66]LogModuleManager: Shutting down and abandoning module Overlay (294)
[2024.12.26-06.01.15:065][ 66]LogModuleManager: Shutting down and abandoning module OverlayEditor (293)
[2024.12.26-06.01.15:065][ 66]LogModuleManager: Shutting down and abandoning module VREditor (290)
[2024.12.26-06.01.15:065][ 66]LogModuleManager: Shutting down and abandoning module StringTableEditor (288)
[2024.12.26-06.01.15:066][ 66]LogModuleManager: Shutting down and abandoning module GameplayTasksEditor (286)
[2024.12.26-06.01.15:066][ 66]LogModuleManager: Shutting down and abandoning module BehaviorTreeEditor (284)
[2024.12.26-06.01.15:066][ 66]LogModuleManager: Shutting down and abandoning module FunctionalTesting (282)
[2024.12.26-06.01.15:066][ 66]LogModuleManager: Shutting down and abandoning module CollisionAnalyzer (280)
[2024.12.26-06.01.15:066][ 66]LogModuleManager: Shutting down and abandoning module WorkspaceMenuStructure (279)
[2024.12.26-06.01.15:066][ 66]LogModuleManager: Shutting down and abandoning module UMG (276)
[2024.12.26-06.01.15:066][ 66]LogModuleManager: Shutting down and abandoning module UMGEditor (275)
[2024.12.26-06.01.15:066][ 66]LogModuleManager: Shutting down and abandoning module MessageLog (273)
[2024.12.26-06.01.15:066][ 66]LogModuleManager: Shutting down and abandoning module SlateReflector (268)
[2024.12.26-06.01.15:066][ 66]LogModuleManager: Shutting down and abandoning module Slate (266)
[2024.12.26-06.01.15:066][ 66]LogModuleManager: Shutting down and abandoning module SlateCore (264)
[2024.12.26-06.01.15:067][ 66]LogModuleManager: Shutting down and abandoning module LandscapeEditorUtilities (262)
[2024.12.26-06.01.15:067][ 66]LogModuleManager: Shutting down and abandoning module UnrealEd (260)
[2024.12.26-06.01.15:067][ 66]LogModuleManager: Shutting down and abandoning module MRMesh (258)
[2024.12.26-06.01.15:067][ 66]LogModuleManager: Shutting down and abandoning module SourceCodeAccess (256)
[2024.12.26-06.01.15:067][ 66]LogModuleManager: Shutting down and abandoning module HeadMountedDisplay (254)
[2024.12.26-06.01.15:067][ 66]LogModuleManager: Shutting down and abandoning module XAudio2 (252)
[2024.12.26-06.01.15:067][ 66]LogModuleManager: Shutting down and abandoning module Networking (250)
[2024.12.26-06.01.15:067][ 66]LogModuleManager: Shutting down and abandoning module Core (248)
[2024.12.26-06.01.15:067][ 66]LogModuleManager: Shutting down and abandoning module MaterialEditor (246)
[2024.12.26-06.01.15:067][ 66]LogModuleManager: Shutting down and abandoning module MovieSceneTools (244)
[2024.12.26-06.01.15:067][ 66]LogModuleManager: Shutting down and abandoning module CurveEditor (243)
[2024.12.26-06.01.15:067][ 66]LogModuleManager: Shutting down and abandoning module Sequencer (241)
[2024.12.26-06.01.15:067][ 66]LogModuleManager: Shutting down and abandoning module EditorStyle (240)
[2024.12.26-06.01.15:069][ 66]LogModuleManager: Shutting down and abandoning module KismetCompiler (236)
[2024.12.26-06.01.15:069][ 66]LogModuleManager: Shutting down and abandoning module MeshBuilder (234)
[2024.12.26-06.01.15:069][ 66]LogModuleManager: Shutting down and abandoning module MeshUtilities (232)
[2024.12.26-06.01.15:069][ 66]LogModuleManager: Shutting down and abandoning module MeshMergeUtilities (231)
[2024.12.26-06.01.15:069][ 66]LogModuleManager: Shutting down and abandoning module MeshReductionInterface (230)
[2024.12.26-06.01.15:069][ 66]LogModuleManager: Shutting down and abandoning module MeshBoneReduction (229)
[2024.12.26-06.01.15:069][ 66]LogModuleManager: Shutting down and abandoning module SkeletalMeshReduction (227)
[2024.12.26-06.01.15:069][ 66]LogModuleManager: Shutting down and abandoning module ProxyLODMeshReduction (225)
[2024.12.26-06.01.15:069][ 66]LogModuleManager: Shutting down and abandoning module QuadricMeshReduction (223)
[2024.12.26-06.01.15:069][ 66]LogModuleManager: Shutting down and abandoning module MaterialBaking (219)
[2024.12.26-06.01.15:069][ 66]LogModuleManager: Shutting down and abandoning module NullInstallBundleManager (214)
[2024.12.26-06.01.15:069][ 66]LogModuleManager: Shutting down and abandoning module DerivedDataCache (212)
[2024.12.26-06.01.15:069][ 66]LogModuleManager: Shutting down and abandoning module TargetPlatform (210)
[2024.12.26-06.01.15:069][ 66]LogModuleManager: Shutting down and abandoning module VulkanShaderFormat (209)
[2024.12.26-06.01.15:069][ 66]LogModuleManager: Shutting down and abandoning module ShaderFormatVectorVM (207)
[2024.12.26-06.01.15:069][ 66]LogModuleManager: Shutting down and abandoning module ShaderFormatOpenGL (205)
[2024.12.26-06.01.15:069][ 66]LogModuleManager: Shutting down and abandoning module ShaderFormatD3D (203)
[2024.12.26-06.01.15:069][ 66]LogModuleManager: Shutting down and abandoning module MetalShaderFormat (201)
[2024.12.26-06.01.15:069][ 66]LogModuleManager: Shutting down and abandoning module TextureFormatOodle (199)
[2024.12.26-06.01.15:070][ 66]LogModuleManager: Shutting down and abandoning module TextureFormatUncompressed (197)
[2024.12.26-06.01.15:070][ 66]LogModuleManager: Shutting down and abandoning module TextureFormatPVR (195)
[2024.12.26-06.01.15:070][ 66]LogModuleManager: Shutting down and abandoning module TextureFormatETC2 (193)
[2024.12.26-06.01.15:070][ 66]LogModuleManager: Shutting down and abandoning module TextureFormatDXT (191)
[2024.12.26-06.01.15:070][ 66]LogModuleManager: Shutting down and abandoning module TextureFormatIntelISPCTexComp (189)
[2024.12.26-06.01.15:070][ 66]LogModuleManager: Shutting down and abandoning module TextureFormatASTC (187)
[2024.12.26-06.01.15:070][ 66]LogModuleManager: Shutting down and abandoning module ImageWrapper (186)
[2024.12.26-06.01.15:070][ 66]LogModuleManager: Shutting down and abandoning module AudioFormatOpus (183)
[2024.12.26-06.01.15:070][ 66]LogModuleManager: Shutting down and abandoning module AudioFormatOgg (181)
[2024.12.26-06.01.15:070][ 66]LogModuleManager: Shutting down and abandoning module AudioFormatADPCM (179)
[2024.12.26-06.01.15:070][ 66]LogModuleManager: Shutting down and abandoning module WindowsServerTargetPlatform (177)
[2024.12.26-06.01.15:070][ 66]LogModuleManager: Shutting down and abandoning module WindowsClientTargetPlatform (175)
[2024.12.26-06.01.15:070][ 66]LogModuleManager: Shutting down and abandoning module WindowsTargetPlatform (173)
[2024.12.26-06.01.15:070][ 66]LogModuleManager: Shutting down and abandoning module WindowsNoEditorTargetPlatform (171)
[2024.12.26-06.01.15:070][ 66]LogModuleManager: Shutting down and abandoning module TVOSTargetPlatform (169)
[2024.12.26-06.01.15:070][ 66]LogModuleManager: Shutting down and abandoning module MacServerTargetPlatform (167)
[2024.12.26-06.01.15:070][ 66]LogModuleManager: Shutting down and abandoning module MacClientTargetPlatform (165)
[2024.12.26-06.01.15:070][ 66]LogModuleManager: Shutting down and abandoning module MacTargetPlatform (163)
[2024.12.26-06.01.15:070][ 66]LogModuleManager: Shutting down and abandoning module MacNoEditorTargetPlatform (161)
[2024.12.26-06.01.15:070][ 66]LogModuleManager: Shutting down and abandoning module LuminTargetPlatform (159)
[2024.12.26-06.01.15:071][ 66]LogModuleManager: Shutting down and abandoning module LinuxAArch64ServerTargetPlatform (157)
[2024.12.26-06.01.15:071][ 66]LogModuleManager: Shutting down and abandoning module LinuxAArch64ClientTargetPlatform (155)
[2024.12.26-06.01.15:071][ 66]LogModuleManager: Shutting down and abandoning module LinuxAArch64NoEditorTargetPlatform (153)
[2024.12.26-06.01.15:071][ 66]LogModuleManager: Shutting down and abandoning module LinuxServerTargetPlatform (151)
[2024.12.26-06.01.15:071][ 66]LogModuleManager: Shutting down and abandoning module LinuxClientTargetPlatform (149)
[2024.12.26-06.01.15:071][ 66]LogModuleManager: Shutting down and abandoning module LinuxNoEditorTargetPlatform (147)
[2024.12.26-06.01.15:071][ 66]LogModuleManager: Shutting down and abandoning module LinuxTargetPlatform (145)
[2024.12.26-06.01.15:071][ 66]LogModuleManager: Shutting down and abandoning module Messaging (143)
[2024.12.26-06.01.15:071][ 66]LogModuleManager: Shutting down and abandoning module IOSTargetPlatform (141)
[2024.12.26-06.01.15:072][ 66]LogModuleManager: Shutting down and abandoning module AndroidTargetPlatform (139)
[2024.12.26-06.01.15:076][ 66]LogModuleManager: Shutting down and abandoning module AllDesktopTargetPlatform (137)
[2024.12.26-06.01.15:076][ 66]LogModuleManager: Shutting down and abandoning module D3D11RHI (134)
[2024.12.26-06.01.15:076][ 66]LogModuleManager: Shutting down and abandoning module InputCore (132)
[2024.12.26-06.01.15:076][ 66]LogModuleManager: Shutting down and abandoning module Settings (130)
[2024.12.26-06.01.15:076][ 66]LogModuleManager: Shutting down and abandoning module DirectoryWatcher (128)
[2024.12.26-06.01.15:076][ 66]LogModuleManager: Shutting down and abandoning module PhysXCooking (126)
[2024.12.26-06.01.15:076][ 66]LogModuleManager: Shutting down and abandoning module Chaos (124)
[2024.12.26-06.01.15:076][ 66]LogModuleManager: Shutting down and abandoning module WindowsPlatformFeatures (122)
[2024.12.26-06.01.15:076][ 66]LogModuleManager: Shutting down and abandoning module GameplayMediaEncoder (121)
[2024.12.26-06.01.15:076][ 66]LogModuleManager: Shutting down and abandoning module AVEncoder (120)
[2024.12.26-06.01.15:076][ 66]LogModuleManager: Shutting down and abandoning module SteamVRInputDevice (116)
[2024.12.26-06.01.15:076][ 66]LogModuleManager: Shutting down and abandoning module SteamVRInput (114)
[2024.12.26-06.01.15:076][ 66]LogModuleManager: Shutting down and abandoning module SteamVR (112)
[2024.12.26-06.01.15:076][ 66]LogHMD: Freeing OpenVRDLLHandle.
[2024.12.26-06.01.15:076][ 66]LogModuleManager: Shutting down and abandoning module OculusHMD (110)
[2024.12.26-06.01.15:076][ 66]LogModuleManager: Shutting down and abandoning module OpenXRHandTracking (108)
[2024.12.26-06.01.15:076][ 66]LogSlate: Slate User Destroyed.  User Index 0, Is Virtual User: 0
[2024.12.26-06.01.15:076][ 66]LogModuleManager: Shutting down and abandoning module OpenXREyeTracker (106)
[2024.12.26-06.01.15:076][ 66]LogModuleManager: Shutting down and abandoning module OpenXRAR (104)
[2024.12.26-06.01.15:076][ 66]LogModuleManager: Shutting down and abandoning module AugmentedReality (103)
[2024.12.26-06.01.15:076][ 66]LogModuleManager: Shutting down and abandoning module OpenXRHMD (100)
[2024.12.26-06.01.15:077][ 66]LogModuleManager: Shutting down and abandoning module ExampleDeviceProfileSelector (98)
[2024.12.26-06.01.15:077][ 66]LogModuleManager: Shutting down and abandoning module ChunkDownloader (96)
[2024.12.26-06.01.15:077][ 66]LogModuleManager: Shutting down and abandoning module LauncherChunkInstaller (94)
[2024.12.26-06.01.15:077][ 66]LogModuleManager: Shutting down and abandoning module WmfMedia (92)
[2024.12.26-06.01.15:079][ 66]LogModuleManager: Shutting down and abandoning module Media (91)
[2024.12.26-06.01.15:080][ 66]LogModuleManager: Shutting down and abandoning module MediaInfo (90)
[2024.12.26-06.01.15:080][ 66]LogModuleManager: Shutting down and abandoning module OnlineBlueprintSupport (86)
[2024.12.26-06.01.15:080][ 66]LogModuleManager: Shutting down and abandoning module OnlineSubsystem (82)
[2024.12.26-06.01.15:081][ 66]LogModuleManager: Shutting down and abandoning module XMPP (77)
[2024.12.26-06.01.15:081][ 66]LogModuleManager: Shutting down and abandoning module WebSockets (76)
[2024.12.26-06.01.15:103][ 66]LogModuleManager: Shutting down and abandoning module HTTP (73)
[2024.12.26-06.01.15:103][ 66]LogHttp: Display: Http module shutting down, but needs to wait on 1 outstanding Http requests:
[2024.12.26-06.01.15:103][ 66]LogHttp: Display: 	verb=[POST] url=[https://datarouter.ol.epicgames.com/datarouter/api/v1/public/data?SessionID=%7B91BDFC5C-4D63-3FD0-A88D-C2B9E7F51807%7D&AppID=UEEditor.Rocket.Release&AppVersion=4.27.2-18319896%2B%2B%2BUE4%2BRelease-4.27&UserID=15ba97524cd6b696d4b2a793061da4f8%7C1487e7ea295e49d0bc2a67a8110d8de1%7C015e77bc-7cf5-4f6e-8bdf-10c02d96c5b7&AppEnvironment=datacollector-binary&UploadType=eteventstream] refs=[1] status=Processing
[2024.12.26-06.01.15:104][ 66]LogHttp: Display: cleaning up 1 outstanding Http requests.
[2024.12.26-06.01.15:123][ 66]LogModuleManager: Shutting down and abandoning module SSL (72)
[2024.12.26-06.01.15:124][ 66]LogModuleManager: Shutting down and abandoning module ExrReaderGpu (68)
[2024.12.26-06.01.15:124][ 66]LogModuleManager: Shutting down and abandoning module MLSDK (66)
[2024.12.26-06.01.15:124][ 66]LogModuleManager: Shutting down and abandoning module MagicLeap (64)
[2024.12.26-06.01.15:124][ 66]LogModuleManager: Shutting down and abandoning module NiagaraVertexFactories (62)
[2024.12.26-06.01.15:124][ 66]LogModuleManager: Shutting down and abandoning module NiagaraShader (60)
[2024.12.26-06.01.15:124][ 66]LogModuleManager: Shutting down and abandoning module ChaosCloth (58)
[2024.12.26-06.01.15:124][ 66]LogModuleManager: Shutting down and abandoning module PixWinPlugin (56)
[2024.12.26-06.01.15:124][ 66]LogModuleManager: Shutting down and abandoning module VariantManagerContent (54)
[2024.12.26-06.01.15:124][ 66]LogModuleManager: Shutting down and abandoning module DatasmithContent (52)
[2024.12.26-06.01.15:125][ 66]LogModuleManager: Shutting down and abandoning module AISupportModule (50)
[2024.12.26-06.01.15:125][ 66]LogModuleManager: Shutting down and abandoning module DesktopPlatform (48)
[2024.12.26-06.01.15:125][ 66]LogModuleManager: Shutting down and abandoning module PythonScriptPluginPreload (46)
[2024.12.26-06.01.15:125][ 66]LogModuleManager: Shutting down and abandoning module PlatformCryptoOpenSSL (44)
[2024.12.26-06.01.15:125][ 66]LogModuleManager: Shutting down and abandoning module PlatformCryptoTypes (42)
[2024.12.26-06.01.15:125][ 66]LogModuleManager: Shutting down and abandoning module PlatformCrypto (40)
[2024.12.26-06.01.15:125][ 66]LogModuleManager: Shutting down and abandoning module OodleDataCompressionFormat (38)
[2024.12.26-06.01.15:125][ 66]LogModuleManager: Shutting down and abandoning module XGEController (36)
[2024.12.26-06.01.15:125][ 66]LogModuleManager: Shutting down and abandoning module AnimationModifiers (34)
[2024.12.26-06.01.15:126][ 66]LogModuleManager: Shutting down and abandoning module AudioEditor (32)
[2024.12.26-06.01.15:126][ 66]LogModuleManager: Shutting down and abandoning module PropertyEditor (31)
[2024.12.26-06.01.15:126][ 66]LogModuleManager: Shutting down and abandoning module TextureCompressor (28)
[2024.12.26-06.01.15:126][ 66]LogModuleManager: Shutting down and abandoning module RenderCore (26)
[2024.12.26-06.01.15:126][ 66]LogModuleManager: Shutting down and abandoning module Landscape (24)
[2024.12.26-06.01.15:126][ 66]LogModuleManager: Shutting down and abandoning module SlateRHIRenderer (22)
[2024.12.26-06.01.15:127][ 66]LogModuleManager: Shutting down and abandoning module AnimGraphRuntime (20)
[2024.12.26-06.01.15:127][ 66]LogModuleManager: Shutting down and abandoning module Renderer (18)
[2024.12.26-06.01.15:127][ 66]LogModuleManager: Shutting down and abandoning module Engine (16)
[2024.12.26-06.01.15:127][ 66]LogModuleManager: Shutting down and abandoning module CoreUObject (14)
[2024.12.26-06.01.15:127][ 66]LogModuleManager: Shutting down and abandoning module NetworkFile (12)
[2024.12.26-06.01.15:127][ 66]LogModuleManager: Shutting down and abandoning module CookedIterativeFile (10)
[2024.12.26-06.01.15:127][ 66]LogModuleManager: Shutting down and abandoning module StreamingFile (8)
[2024.12.26-06.01.15:127][ 66]LogModuleManager: Shutting down and abandoning module SandboxFile (6)
[2024.12.26-06.01.15:127][ 66]LogModuleManager: Shutting down and abandoning module PakFile (4)
[2024.12.26-06.01.15:127][ 66]LogModuleManager: Shutting down and abandoning module RSA (3)
[2024.12.26-06.01.15:487][ 66]LogContentStreaming: Display: There are 1 unreleased StreamingManagers
[2024.12.26-06.01.15:512][ 66]LogD3D11RHI: Shutdown
[2024.12.26-06.01.15:512][ 66]LogD3D11RHI: CleanupD3DDevice
[2024.12.26-06.01.15:514][ 66]LogExit: Exiting.
[2024.12.26-06.01.15:519][ 66]Log file closed, 12/26/24 15:01:15
